,open,high,low,close,adjclose,volume,ticker
2019-11-25,505426.125,524795.625,474043.875,512302.03125,512302.03125,3060078447275,BTC-INR
2019-11-26,512232.125,524058.9375,507658.0,515668.875,515668.875,1509458026488,BTC-INR
2019-11-27,515848.15625,542793.0625,497645.71875,536541.4375,536541.4375,1709102805582,BTC-INR
2019-11-28,536908.8125,552534.0,533396.0625,534040.5,534040.5,1363176843467,BTC-INR
2019-11-29,534299.625,558000.0625,533871.5625,556900.25,556900.25,1414249487734,BTC-INR
2019-11-30,557102.1875,562271.625,539292.25,543151.25,543151.25,1231169108704,BTC-INR
2019-12-01,543293.75,543293.75,523182.9375,532704.625,532704.625,1343240243626,BTC-INR
2019-12-02,532686.25,536262.1875,518806.5625,524510.5625,524510.5625,1223671798056,BTC-INR
2019-12-03,524652.875,532177.0,518408.15625,525264.375,525264.375,1061808388848,BTC-INR
2019-12-04,525262.875,539263.0,514381.09375,518448.71875,518448.71875,1548778836341,BTC-INR
2019-12-05,518535.03125,552062.6875,517064.09375,531771.875,531771.875,1343374292192,BTC-INR
2019-12-06,531932.8125,538078.25,526850.1875,538078.25,538078.25,1290794134274,BTC-INR
2019-12-07,538097.375,541140.8125,536560.625,538737.125,538737.125,1101789655656,BTC-INR
2019-12-08,538387.8125,544324.5625,533022.875,539284.25,539284.25,1098617282757,BTC-INR
2019-12-09,539102.4375,541165.625,522690.3125,525241.75,525241.75,1268377170982,BTC-INR
2019-12-10,524974.5625,526456.0625,512965.5,515525.1875,515525.1875,1292618917909,BTC-INR
2019-12-11,515459.875,518422.125,508776.34375,510555.71875,510555.71875,1156622200614,BTC-INR
2019-12-12,510507.03125,512657.71875,506113.75,511147.21875,511147.21875,1335682007284,BTC-INR
2019-12-13,511255.03125,516289.28125,511785.125,513890.375,513890.375,1210609781432,BTC-INR
2019-12-14,513835.09375,516658.0,501698.15625,503639.625,503639.625,1211408063095,BTC-INR
2019-12-15,503608.9375,507626.625,489480.65625,505572.75,505572.75,1193271661998,BTC-INR
2019-12-16,505668.96875,508683.3125,489605.71875,491538.84375,491538.84375,1433196355575,BTC-INR
2019-12-17,491456.25,494124.15625,467976.71875,471708.9375,471708.9375,1588612653669,BTC-INR
2019-12-18,472219.21875,520074.0,464317.71875,516652.3125,516652.3125,2260390156456,BTC-INR
2019-12-19,516708.28125,521608.78125,501033.03125,513070.84375,513070.84375,1845229010376,BTC-INR
2019-12-20,513483.46875,516034.625,503667.53125,513254.25,513254.25,1609252942394,BTC-INR
2019-12-21,513380.59375,513567.78125,505711.96875,511287.78125,511287.78125,1373112802877,BTC-INR
2019-12-22,511289.90625,534532.625,509582.84375,534074.4375,534074.4375,1644867129293,BTC-INR
2019-12-23,533883.4375,545464.25,521769.21875,523873.0,523873.0,1982199426546,BTC-INR
2019-12-24,523785.0,536882.125,518281.0625,521803.625,521803.625,1638382876273,BTC-INR
2019-12-25,522033.34375,523801.4375,514195.9375,518427.5625,518427.5625,1536330250666,BTC-INR
2019-12-26,518402.1875,526767.5,513081.5625,516144.125,516144.125,1624732045057,BTC-INR
2019-12-27,516085.25,526142.5625,512642.28125,520712.8125,520712.8125,1626929952511,BTC-INR
2019-12-28,520637.28125,528495.0,520485.40625,522705.71875,522705.71875,1526096610073,BTC-INR
2019-12-29,522681.28125,536702.5625,519982.59375,530212.125,530212.125,1603301276070,BTC-INR
2019-12-30,530042.1875,532240.875,518647.96875,520151.0,520151.0,1631428819109,BTC-INR
2019-12-31,520253.96875,523079.5,510724.78125,512910.8125,512910.8125,1509295725753,BTC-INR
2020-01-01,513003.0,516907.3125,511971.78125,512853.96875,512853.96875,1322395074997,BTC-INR
2020-01-02,513023.28125,514302.40625,494834.96875,498416.75,498416.75,1484238993887,BTC-INR
2020-01-03,498342.4375,531793.1875,493609.6875,527076.25,527076.25,2017307990333,BTC-INR
2020-01-04,527111.5,532996.625,524538.0625,531796.125,531796.125,1323579350948,BTC-INR
2020-01-05,531781.4375,541400.625,531089.4375,531863.1875,531863.1875,1415543274095,BTC-INR
2020-01-06,531801.0625,558713.875,531717.9375,557805.0,557805.0,1671160912507,BTC-INR
2020-01-07,557766.4375,588557.5625,557733.8125,587512.375,587512.375,2070281271282,BTC-INR
2020-01-08,587385.9375,600555.6875,568201.1875,577281.125,577281.125,2262906174516,BTC-INR
2020-01-09,577455.0,577455.0,558355.625,560959.5625,560959.5625,1711981944091,BTC-INR
2020-01-10,560905.1875,579751.875,548658.9375,579751.875,579751.875,2038477021654,BTC-INR
2020-01-11,579442.125,583429.5,569787.375,570347.625,570347.625,1810994405350,BTC-INR
2020-01-12,570044.1875,581880.625,568326.75,581358.3125,581358.3125,1625280871582,BTC-INR
2020-01-13,581165.125,581710.9375,572483.125,576030.0,576030.0,1590191721617,BTC-INR
2020-01-14,575799.3125,629149.8125,575799.3125,625492.125,625492.125,3177269141934,BTC-INR
2020-01-15,625320.625,629353.625,613792.0625,622867.0,622867.0,2836232877784,BTC-INR
2020-01-16,623253.9375,625688.0625,609611.4375,619001.5,619001.5,2221902438919,BTC-INR
2020-01-17,619102.5,636434.3125,615706.8125,634351.875,634351.875,2584011354240,BTC-INR
2020-01-18,634222.1875,640259.875,627126.375,635330.25,635330.25,2297395017167,BTC-INR
2020-01-19,635233.375,651070.1875,612402.375,618567.375,618567.375,2431096034324,BTC-INR
2020-01-20,618452.75,621264.875,608360.3125,615025.9375,615025.9375,1877005934605,BTC-INR
2020-01-21,615121.75,624098.5,608810.25,622532.8125,622532.8125,1715254273782,BTC-INR
2020-01-22,622412.9375,626083.1875,613804.9375,617293.625,617293.625,1607091469955,BTC-INR
2020-01-23,617277.5625,617782.25,595042.5625,599645.0625,599645.0625,1838248044065,BTC-INR
2020-01-24,599577.4375,607112.75,589636.5625,602374.8125,602374.8125,1740193345513,BTC-INR
2020-01-25,601995.75,603303.375,591732.0,596840.9375,596840.9375,1401355746375,BTC-INR
2020-01-26,596595.75,613582.25,593820.3125,613184.875,613184.875,1581864168398,BTC-INR
2020-01-27,613219.0,641593.25,613219.0,636606.5625,636606.5625,2046852328192,BTC-INR
2020-01-28,636799.875,667903.9375,636508.625,666709.6875,666709.6875,2450580310745,BTC-INR
2020-01-29,666629.9375,670772.625,660460.75,664368.875,664368.875,2187976071614,BTC-INR
2020-01-30,664325.1875,682952.875,658255.3125,680558.6875,680558.6875,2317350204337,BTC-INR
2020-01-31,680510.0,681468.5,658971.25,668553.5,668553.5,2104393582428,BTC-INR
2020-02-01,668255.25,674902.1875,665887.25,671581.1875,671581.1875,1853444016821,BTC-INR
2020-02-02,671362.8125,677009.5625,659065.1875,668112.75,668112.75,2204724355910,BTC-INR
2020-02-03,668135.5625,684760.1875,659653.375,662852.0,662852.0,2206346592799,BTC-INR
2020-02-04,662803.5625,665545.0625,649205.6875,652858.25,652858.25,2125704294051,BTC-INR
2020-02-05,653032.6875,690637.5625,651634.6875,684379.6875,684379.6875,2507458513652,BTC-INR
2020-02-06,684692.6875,699051.1875,679139.625,693764.0625,693764.0625,2683048017387,BTC-INR
2020-02-07,693493.1875,702631.375,693493.1875,700566.6875,700566.6875,2468926711893,BTC-INR
2020-02-08,700361.25,706345.625,692196.9375,705513.875,705513.875,2515363881671,BTC-INR
2020-02-09,705426.3125,724416.6875,704460.625,723501.875,723501.875,2560829016702,BTC-INR
2020-02-10,723422.1875,724707.25,698040.5625,702781.3125,702781.3125,2808280571000,BTC-INR
2020-02-11,702730.0,727156.875,692920.3125,727697.125,727697.125,2683752944404,BTC-INR
2020-02-12,727280.1875,740825.3125,727280.1875,736310.6875,736310.6875,3097843960238,BTC-INR
2020-02-13,736161.375,746933.25,721489.6875,728065.625,728065.625,3518026733355,BTC-INR
2020-02-14,727864.0,739034.75,722497.875,737593.6875,737593.6875,3099851686858,BTC-INR
2020-02-15,737718.1875,739699.4375,706287.1875,707359.875,707359.875,3137531390392,BTC-INR
2020-02-16,707342.375,719129.25,695412.1875,710589.75,710589.75,3102509594071,BTC-INR
2020-02-17,710741.875,710903.25,678785.4375,691482.6875,691482.6875,3282410515761,BTC-INR
2020-02-18,691560.3125,727619.875,689702.625,726014.75,726014.75,3383895918809,BTC-INR
2020-02-19,726143.75,730122.0,688591.8125,689985.5625,689985.5625,3365775216511,BTC-INR
2020-02-20,689694.625,690410.4375,684231.1875,690676.4375,690676.4375,3229317556344,BTC-INR
2020-02-21,690914.125,697942.375,689003.875,696334.0625,696334.0625,2942394734316,BTC-INR
2020-02-22,696425.0,697181.5625,690172.375,694662.0,694662.0,2576306033277,BTC-INR
2020-02-23,694671.8125,714347.8125,694274.4375,713421.3125,713421.3125,2960586740983,BTC-INR
2020-02-24,713210.5625,715378.75,687787.6875,695287.375,695287.375,3248013719116,BTC-INR
2020-02-25,695369.375,695472.0,668640.1875,671481.8125,671481.8125,3055996911238,BTC-INR
2020-02-26,671236.3125,672421.4375,623430.1875,632196.0,632196.0,3613771726795,BTC-INR
2020-02-27,632523.625,640131.1875,614757.875,629795.5,629795.5,3259940210164,BTC-INR
2020-02-28,630099.125,637712.875,613249.0625,625934.4375,625934.4375,3219398385705,BTC-INR
2020-02-29,625844.75,633381.25,620669.5625,620669.5625,620669.5625,2583315931864,BTC-INR
2020-03-01,620687.5625,629856.5625,611409.75,617995.125,617995.125,2551325933363,BTC-INR
2020-03-02,618053.625,645929.5,615842.625,642377.0,642377.0,3103924211388,BTC-INR
2020-03-03,642066.875,651223.125,637684.0625,645247.625,645247.625,3112265802482,BTC-INR
2020-03-04,645303.125,650208.5,639858.4375,643466.8125,643466.8125,2553709184527,BTC-INR
2020-03-05,643837.125,674889.3125,643614.375,670517.5,670517.5,2931923641126,BTC-INR
2020-03-06,670483.9375,678042.875,667335.3125,675041.0,675041.0,3021067057513,BTC-INR
2020-03-07,674971.0625,678126.9375,657962.1875,659383.8125,659383.8125,2680244797086,BTC-INR
2020-03-08,659254.4375,659708.6875,599818.8125,600030.75,600030.75,2958158096970,BTC-INR
2020-03-09,600255.0,605200.0625,571518.875,589784.625,589784.625,3493684877489,BTC-INR
2020-03-10,589673.125,600579.75,577471.9375,587119.4375,587119.4375,3133435305103,BTC-INR
2020-03-11,587146.1875,585056.6875,565759.1875,586831.125,586831.125,2869297784475,BTC-INR
2020-03-12,586993.3125,588143.0,361788.21875,370008.5625,370008.5625,4018114259958,BTC-INR
2020-03-13,373510.28125,430809.0625,309974.40625,411486.1875,411486.1875,5484560705892,BTC-INR
2020-03-14,412179.25,416036.125,379045.0,384613.875,384613.875,2673951109815,BTC-INR
2020-03-15,384665.6875,431477.59375,382315.03125,398630.21875,398630.21875,2513315070237,BTC-INR
2020-03-16,398106.4375,398106.4375,339365.6875,372605.9375,372605.9375,3371116571879,BTC-INR
2020-03-17,371721.5625,397345.53125,370185.75,386826.6875,386826.6875,2859037281017,BTC-INR
2020-03-18,386936.5625,399461.0,376360.15625,392791.21875,392791.21875,2840247197207,BTC-INR
2020-03-19,393314.4375,475737.875,390219.625,465331.3125,465331.3125,3833225202041,BTC-INR
2020-03-20,465365.9375,514568.625,443687.71875,468767.71875,468767.71875,4117119404610,BTC-INR
2020-03-21,469353.3125,482331.15625,448655.53125,467730.8125,467730.8125,3213536323732,BTC-INR
2020-03-22,467767.96875,480936.84375,439904.5625,440398.625,440398.625,3028999232746,BTC-INR
2020-03-23,440483.21875,493379.84375,440036.40625,491303.625,491303.625,3559932500014,BTC-INR
2020-03-24,492860.15625,516593.65625,488411.0625,511582.4375,511582.4375,3662984556575,BTC-INR
2020-03-25,511879.65625,523761.90625,497116.90625,506731.90625,506731.90625,3381981322869,BTC-INR
2020-03-26,506285.0,510282.125,496497.1875,501893.40625,501893.40625,2639310730541,BTC-INR
2020-03-27,502113.71875,506582.34375,484200.75,484432.59375,484432.59375,2589631263294,BTC-INR
2020-03-28,484242.125,484260.625,458079.21875,467390.5,467390.5,2612066174564,BTC-INR
2020-03-29,467647.375,468010.0,446353.15625,446500.71875,446500.71875,2139274122502,BTC-INR
2020-03-30,446764.25,491463.03125,445531.84375,484874.40625,484874.40625,2797835689929,BTC-INR
2020-03-31,484932.0625,490440.46875,481058.0,485055.25,485055.25,2469968431239,BTC-INR
2020-04-01,484955.40625,506430.5625,475039.78125,505986.5625,505986.5625,3089971401987,BTC-INR
2020-04-02,505986.5625,540461.0,503136.65625,517483.96875,517483.96875,3630406736589,BTC-INR
2020-04-03,517771.28125,534118.125,510159.78125,514565.46875,514565.46875,2978584504685,BTC-INR
2020-04-04,514947.21875,525689.625,511745.34375,524816.4375,524816.4375,2536073247574,BTC-INR
2020-04-05,524435.125,526030.5,513231.3125,517755.6875,517755.6875,2249873617919,BTC-INR
2020-04-06,517520.90625,552472.875,517127.5,552472.875,552472.875,3562987919810,BTC-INR
2020-04-07,552614.4375,560828.0,539678.3125,542859.875,542859.875,3346798246409,BTC-INR
2020-04-08,543076.875,557804.0,541362.1875,557164.125,557164.125,2853642504983,BTC-INR
2020-04-09,557457.9375,557722.5,547764.875,554308.9375,554308.9375,2642852030110,BTC-INR
2020-04-10,554439.9375,554439.9375,517736.4375,522989.25,522989.25,3323035346805,BTC-INR
2020-04-11,523137.5625,527603.75,517232.40625,522500.9375,522500.9375,2378389230086,BTC-INR
2020-04-12,522423.625,542372.625,518844.0625,531033.3125,531033.3125,2724038524943,BTC-INR
2020-04-13,530616.25,530616.25,508771.53125,521994.03125,521994.03125,2945060203318,BTC-INR
2020-04-14,521860.125,528885.125,517808.09375,519791.875,519791.875,2591233233184,BTC-INR
2020-04-15,520029.9375,526873.0,507432.75,508125.40625,508125.40625,2470075166840,BTC-INR
2020-04-16,507998.71875,548413.8125,501604.90625,546993.3125,546993.3125,3595731939128,BTC-INR
2020-04-17,546973.9375,548289.5,539879.0625,542858.125,542858.125,2487276902909,BTC-INR
2020-04-18,542560.3125,556158.9375,542327.4375,555218.625,555218.625,2482242358712,BTC-INR
2020-04-19,555467.8125,556967.1875,548286.8125,550494.25,550494.25,2397499397498,BTC-INR
2020-04-20,550298.9375,554054.375,523975.46875,527109.1875,527109.1875,2891160922977,BTC-INR
2020-04-21,526942.625,532105.5,525722.4375,529577.8125,529577.8125,2508429145106,BTC-INR
2020-04-22,529509.8125,546419.25,528578.875,543825.8125,543825.8125,2540567846883,BTC-INR
2020-04-23,544139.0,569225.8125,539298.8125,564617.4375,564617.4375,3305815851640,BTC-INR
2020-04-24,564956.1875,578047.5,564956.1875,576269.6875,576269.6875,2643390413079,BTC-INR
2020-04-25,576237.75,583173.625,573918.625,577601.25,577601.25,2513505495484,BTC-INR
2020-04-26,577616.75,587412.875,576950.5625,585831.8125,585831.8125,2522640989786,BTC-INR
2020-04-27,585797.625,593921.875,585797.625,593921.875,593921.875,2755078087712,BTC-INR
2020-04-28,594026.25,594383.875,588210.75,593896.1875,593896.1875,2524664530717,BTC-INR
2020-04-29,593869.875,667758.25,591778.6875,662441.8125,662441.8125,4531248917812,BTC-INR
2020-04-30,662188.3125,707954.4375,643129.3125,652947.5625,652947.5625,5049849053234,BTC-INR
2020-05-01,654020.5,684844.9375,653642.0,672472.375,672472.375,3342983996778,BTC-INR
2020-05-02,672797.8125,683024.0625,664460.75,681614.25,681614.25,3043430828238,BTC-INR
2020-05-03,681236.4375,691337.8125,667630.25,672054.6875,672054.6875,3557750820810,BTC-INR
2020-05-04,671924.5,677503.125,654676.875,674153.1875,674153.1875,3458169567407,BTC-INR
2020-05-05,674166.5625,684506.8125,670900.3125,683718.375,683718.375,3276815070336,BTC-INR
2020-05-06,684050.3125,717596.6875,680948.6875,706511.875,706511.875,3763374549946,BTC-INR
2020-05-07,705988.4375,756565.5625,695609.125,753450.375,753450.375,4626970896226,BTC-INR
2020-05-08,752287.75,757394.25,738056.4375,742885.0625,742885.0625,3908203739214,BTC-INR
2020-05-09,742752.25,748843.625,723377.0,724377.5625,724377.5625,3515928463491,BTC-INR
2020-05-10,724171.625,724504.75,634124.4375,661405.1875,661405.1875,4783189168963,BTC-INR
2020-05-11,661337.5,685381.1875,636116.9375,653199.75,653199.75,4337544989759,BTC-INR
2020-05-12,653852.0625,672719.0625,650758.1875,663584.6875,663584.6875,3176254477757,BTC-INR
2020-05-13,663653.25,702900.625,663653.25,699292.625,699292.625,3436733309707,BTC-INR
2020-05-14,699393.8125,739127.375,698492.375,734847.1875,734847.1875,4259948658528,BTC-INR
2020-05-15,734890.125,736516.125,702727.125,707795.625,707795.625,3654145444192,BTC-INR
2020-05-16,708178.25,725703.1875,702673.6875,711499.6875,711499.6875,2744073980712,BTC-INR
2020-05-17,711341.5625,745339.9375,709415.5,733332.25,733332.25,3039589088530,BTC-INR
2020-05-18,733708.0625,751174.4375,727210.4375,735426.3125,735426.3125,3162549922026,BTC-INR
2020-05-19,735463.25,744117.625,721839.4375,736585.4375,736585.4375,2971942216781,BTC-INR
2020-05-20,736304.6875,742369.875,713875.875,719366.0,719366.0,2760702947130,BTC-INR
2020-05-21,719347.8125,721803.0,670624.375,686917.1875,686917.1875,2974512568234,BTC-INR
2020-05-22,686809.25,701472.3125,683291.75,697830.8125,697830.8125,2265472549485,BTC-INR
2020-05-23,698019.6875,706944.5,692931.5625,699860.6875,699860.6875,2107181844772,BTC-INR
2020-05-24,700088.3125,705873.125,667787.1875,668024.0625,668024.0625,2471266521789,BTC-INR
2020-05-25,667700.25,679157.5625,661574.3125,675890.25,675890.25,2374258010573,BTC-INR
2020-05-26,676091.4375,680399.8125,661631.0625,666958.125,666958.125,2233310272631,BTC-INR
2020-05-27,667133.9375,698497.9375,666890.5625,696799.8125,696799.8125,2484865966578,BTC-INR
2020-05-28,697097.8125,722656.25,692675.375,721099.1875,721099.1875,2601586919259,BTC-INR
2020-05-29,721296.375,724728.5,709007.6875,712872.875,712872.875,2484459676437,BTC-INR
2020-05-30,712857.0,732879.4375,707405.375,732606.3125,732606.3125,2471343796184,BTC-INR
2020-05-31,732583.0,732601.0,712357.25,714529.4375,714529.4375,2097527730099,BTC-INR
2020-06-01,714721.75,770001.875,713482.375,767767.0,767767.0,2657995735718,BTC-INR
2020-06-02,767442.6875,763553.9375,709429.875,715364.75,715364.75,2937878923652,BTC-INR
2020-06-03,715661.75,729389.9375,712922.25,727420.75,727420.75,1883760640927,BTC-INR
2020-06-04,727355.75,745624.75,719737.1875,739536.4375,739536.4375,1956007567122,BTC-INR
2020-06-05,739504.6875,745899.25,730684.625,730371.125,730371.125,1776493333836,BTC-INR
2020-06-06,730323.6875,738524.5,724741.0,729475.4375,729475.4375,1544418929326,BTC-INR
2020-06-07,729424.375,738194.1875,714700.4375,736968.5,736968.5,1889100462600,BTC-INR
2020-06-08,737059.9375,738466.4375,730342.125,736812.8125,736812.8125,1620163934552,BTC-INR
2020-06-09,737029.25,741707.875,730532.0625,739674.75,739674.75,1790937723912,BTC-INR
2020-06-10,739555.375,749608.5,735070.0625,746965.1875,746965.1875,1945463807353,BTC-INR
2020-06-11,746964.0,751236.4375,705290.5625,708222.8125,708222.8125,2298028235225,BTC-INR
2020-06-12,708139.9375,724027.375,705493.0,720136.4375,720136.4375,1717430648890,BTC-INR
2020-06-13,720128.25,721075.875,713692.6875,719713.625,719713.625,1334133230095,BTC-INR
2020-06-14,719886.5625,720244.875,710019.25,712992.6875,712992.6875,1442555993737,BTC-INR
2020-06-15,712935.5625,721046.75,684210.75,718047.8125,718047.8125,2028596843824,BTC-INR
2020-06-16,718318.625,726470.375,714233.125,728741.8125,728741.8125,1647690113206,BTC-INR
2020-06-17,728417.8125,728927.0,711676.0,724133.625,724133.625,1541240975009,BTC-INR
2020-06-18,724233.8125,724326.625,712640.0,719070.6875,719070.6875,1357645838650,BTC-INR
2020-06-19,718952.5625,718565.4375,707185.9375,708232.3125,708232.3125,1497001184440,BTC-INR
2020-06-20,708456.625,716387.75,705133.5,711612.0,711612.0,1306242337463,BTC-INR
2020-06-21,711504.125,716855.625,709179.6875,709423.625,709423.625,1168513976231,BTC-INR
2020-06-22,709216.6875,731543.6875,708956.6875,731276.8125,731276.8125,1599473936264,BTC-INR
2020-06-23,730925.0,730299.75,723541.9375,728123.0,728123.0,1285899786104,BTC-INR
2020-06-24,728311.375,732440.75,702283.5,705452.875,705452.875,1436241910945,BTC-INR
2020-06-25,705492.0,705446.875,689129.875,699862.625,699862.625,1406253576657,BTC-INR
2020-06-26,699574.1875,705131.9375,688660.8125,692973.125,692973.125,1387128378290,BTC-INR
2020-06-27,693344.1875,696368.3125,680517.125,684084.8125,684084.8125,1306329488325,BTC-INR
2020-06-28,684317.0,695592.0625,678801.0625,691438.1875,691438.1875,1101093818614,BTC-INR
2020-06-29,691169.5,697373.9375,682942.5,694011.0625,694011.0625,1242953193437,BTC-INR
2020-06-30,693612.875,695808.25,686641.0625,690443.9375,690443.9375,1188957538042,BTC-INR
2020-07-01,691047.75,703142.5625,687681.0625,696325.6875,696325.6875,1205137468686,BTC-INR
2020-07-02,696538.0625,692955.75,675871.6875,683252.1875,683252.1875,1223621478854,BTC-INR
2020-07-03,683359.4375,687875.6875,676505.8125,678634.875,678634.875,976730347665,BTC-INR
2020-07-04,678405.5625,685803.4375,676120.0625,682009.1875,682009.1875,917849897427,BTC-INR
2020-07-05,681531.4375,684226.8125,670295.0,677638.0,677638.0,963620628770,BTC-INR
2020-07-06,677556.375,699483.0625,676498.6875,699483.0625,699483.0625,1334677680387,BTC-INR
2020-07-07,697519.875,698375.5625,688525.9375,693029.3125,693029.3125,1036640466392,BTC-INR
2020-07-08,693084.9375,708260.5,692829.625,706560.625,706560.625,1476497627657,BTC-INR
2020-07-09,706535.1875,706637.0625,693951.125,697124.25,697124.25,1352529585977,BTC-INR
2020-07-10,696777.8125,698034.3125,686015.6875,697383.125,697383.125,1267178358011,BTC-INR
2020-07-11,697285.75,698489.8125,691421.375,694832.4375,694832.4375,996333640797,BTC-INR
2020-07-12,694885.75,700778.375,691606.875,697210.0,697210.0,1086221282035,BTC-INR
2020-07-13,697263.0,699493.1875,693621.25,695231.125,695231.125,1317701673086,BTC-INR
2020-07-14,694861.8125,699261.375,691401.0,696265.9375,696265.9375,1362296368753,BTC-INR
2020-07-15,696166.75,698685.6875,688936.375,690849.5625,690849.5625,1190745045898,BTC-INR
2020-07-16,690785.125,692463.4375,684093.1875,686567.75,686567.75,1181387863829,BTC-INR
2020-07-17,686536.5,688381.1875,683085.375,685416.75,685416.75,1044414045493,BTC-INR
2020-07-18,685401.1875,691377.9375,681629.375,685989.5625,685989.5625,917689709062,BTC-INR
2020-07-19,685912.125,689162.125,681390.3125,687995.0625,687995.0625,969099478575,BTC-INR
2020-07-20,688100.1875,690701.75,683883.625,685029.5,685029.5,1028236183087,BTC-INR
2020-07-21,684901.125,701946.875,683920.125,698836.9375,698836.9375,1346969882504,BTC-INR
2020-07-22,698851.3125,711032.5,697086.8125,710687.8125,710687.8125,1233472363541,BTC-INR
2020-07-23,710820.5625,719008.0,710468.4375,717179.625,717179.625,1358326921594,BTC-INR
2020-07-24,717512.1875,719101.0,709836.6875,712641.4375,712641.4375,1236900647229,BTC-INR
2020-07-25,712835.1875,725170.125,712142.25,723119.375,723119.375,1241182567432,BTC-INR
2020-07-26,723352.625,749026.0,721306.125,740510.875,740510.875,1533179194456,BTC-INR
2020-07-27,740514.6875,844274.75,740086.625,822141.9375,822141.9375,2644988510540,BTC-INR
2020-07-28,824131.0,838111.1875,796006.5,817375.875,817375.875,2154629063795,BTC-INR
2020-07-29,817385.625,845689.875,813217.8125,830489.3125,830489.3125,1841756769466,BTC-INR
2020-07-30,830441.75,836322.375,815859.1875,830777.6875,830777.6875,1709020425459,BTC-INR
2020-07-31,830702.6875,855488.1875,821144.875,848466.1875,848466.1875,1735411683549,BTC-INR
2020-08-01,848399.0625,883781.3125,842188.3125,881145.125,881145.125,1953847368222,BTC-INR
2020-08-02,881083.0625,901717.1875,825587.375,828115.3125,828115.3125,2053509041874,BTC-INR
2020-08-03,827377.75,861675.75,825028.625,845338.0625,845338.0625,1523734612035,BTC-INR
2020-08-04,845327.125,855775.9375,834275.4375,841131.125,841131.125,1595071601533,BTC-INR
2020-08-05,840975.75,882705.0625,837241.1875,878648.375,878648.375,1825901733931,BTC-INR
2020-08-06,878861.4375,892378.25,867960.875,882346.75,882346.75,1752798336898,BTC-INR
2020-08-07,882280.875,892382.75,855681.0625,870409.25,870409.25,1735519260887,BTC-INR
2020-08-08,870640.375,885308.8125,867180.0625,881853.25,881853.25,1318352530713,BTC-INR
2020-08-09,880598.75,885755.375,865821.0625,875972.8125,875972.8125,1312158602302,BTC-INR
2020-08-10,874961.3125,902903.8125,874961.3125,889387.3125,889387.3125,1955324392663,BTC-INR
2020-08-11,889652.125,893479.0625,836220.375,851413.5,851413.5,2017613941351,BTC-INR
2020-08-12,850971.125,877887.6875,841526.75,866195.5625,866195.5625,1874054634565,BTC-INR
2020-08-13,866455.0625,882652.9375,839458.8125,881735.6875,881735.6875,2059319651549,BTC-INR
2020-08-14,880876.875,909529.1875,874945.5625,880955.25,880955.25,1814325118797,BTC-INR
2020-08-15,880942.3125,895502.0,880942.3125,888203.3125,888203.3125,1748225859510,BTC-INR
2020-08-16,888277.1875,893383.4375,878583.75,890807.1875,890807.1875,1541757377092,BTC-INR
2020-08-17,891020.9375,923830.75,883527.0625,915978.5625,915978.5625,2109932099421,BTC-INR
2020-08-18,915791.25,922063.25,892194.375,894266.0,894266.0,1942216674956,BTC-INR
2020-08-19,894240.0,897081.625,876323.25,881539.6875,881539.6875,1837022853393,BTC-INR
2020-08-20,881780.8125,892342.1875,878565.0625,890749.0,890749.0,1512924319465,BTC-INR
2020-08-21,890723.125,892505.75,866555.8125,868617.0625,868617.0625,1780501946403,BTC-INR
2020-08-22,868091.75,875879.125,857851.0,875311.0,875311.0,1515384497622,BTC-INR
2020-08-23,875151.4375,877679.125,866176.8125,873954.3125,873954.3125,1384714041033,BTC-INR
2020-08-24,873867.5625,875105.5,870837.75,873601.4375,873601.4375,1534438912741,BTC-INR
2020-08-25,873526.75,873591.0625,830927.5625,843803.6875,843803.6875,1952582014930,BTC-INR
2020-08-26,843860.0625,856043.6875,838498.4375,853137.9375,853137.9375,1668397832707,BTC-INR
2020-08-27,852933.3125,855094.4375,826108.625,835375.125,835375.125,1714544191919,BTC-INR
2020-08-28,835515.1875,844313.5625,837245.6875,844085.6875,844085.6875,1448465529783,BTC-INR
2020-08-29,843980.0,847240.5,838512.8125,841479.8125,841479.8125,1278695535729,BTC-INR
2020-08-30,841615.0,856720.3125,840420.625,856445.4375,856445.4375,1445029504408,BTC-INR
2020-08-31,856577.125,863236.4375,853660.75,857813.75,857813.75,1636629541661,BTC-INR
2020-09-01,857703.3125,881649.3125,852007.75,874639.1875,874639.1875,1995555661744,BTC-INR
2020-09-02,874225.9375,874225.9375,827301.8125,836109.375,836109.375,2053817012968,BTC-INR
2020-09-03,835608.125,838189.375,747916.3125,752531.375,752531.375,2345102059364,BTC-INR
2020-09-04,751434.625,780135.0625,748254.3125,769950.4375,769950.4375,2194831932382,BTC-INR
2020-09-05,770002.875,775059.875,728556.1875,744882.125,744882.125,3289967724658,BTC-INR
2020-09-06,744710.0,758517.0,736628.6875,753452.625,753452.625,2716987594276,BTC-INR
2020-09-07,753499.9375,764267.625,728510.75,761595.1875,761595.1875,2475332488446,BTC-INR
2020-09-08,761576.3125,768096.375,734651.8125,747574.6875,747574.6875,2466769382478,BTC-INR
2020-09-09,747769.125,759233.0,738947.5625,751046.25,751046.25,1769268593396,BTC-INR
2020-09-10,751045.0,770357.4375,750737.4375,762048.75,762048.75,4000753318586,BTC-INR
2020-09-11,762481.8125,766641.25,745097.875,764222.8125,764222.8125,3321220224084,BTC-INR
2020-09-12,764880.1875,777296.0,756248.5625,767254.125,767254.125,2700267056463,BTC-INR
2020-09-13,768005.6875,777176.75,751248.0,758577.6875,758577.6875,2682481414050,BTC-INR
2020-09-14,758943.4375,792928.1875,754339.6875,783969.75,783969.75,2602280505622,BTC-INR
2020-09-15,783743.5,805171.375,784334.625,794767.375,794767.375,2393032232039,BTC-INR
2020-09-16,794827.0625,815449.0,787992.4375,807217.4375,807217.4375,2263169427714,BTC-INR
2020-09-17,807095.875,812299.5625,793557.125,805666.625,805666.625,2807349510546,BTC-INR
2020-09-18,805874.875,810188.4375,796956.625,805632.625,805632.625,1939031498276,BTC-INR
2020-09-19,804835.1875,819582.25,803058.625,816656.5,816656.5,1675676471628,BTC-INR
2020-09-20,816768.625,816768.625,796055.25,804346.375,804346.375,1816280864904,BTC-INR
2020-09-21,804100.375,806349.1875,764050.5,769813.625,769813.625,2125359717484,BTC-INR
2020-09-22,769619.6875,776882.5625,764245.6875,774611.125,774611.125,1736278221617,BTC-INR
2020-09-23,774392.9375,774563.5625,752378.125,755983.125,755983.125,1755172671003,BTC-INR
2020-09-24,756174.9375,793664.1875,754612.3125,795464.8125,795464.8125,3485266219109,BTC-INR
2020-09-25,795541.9375,794052.125,780463.0625,788047.9375,788047.9375,2899971479263,BTC-INR
2020-09-26,788258.5625,793964.625,786173.25,792322.9375,792322.9375,3453007702545,BTC-INR
2020-09-27,792040.625,796248.125,782904.0,794132.5,794132.5,3961053849771,BTC-INR
2020-09-28,794231.5625,807206.75,789346.3125,789998.0,789998.0,3523195435427,BTC-INR
2020-09-29,789997.875,800626.375,785661.1875,799537.4375,799537.4375,3434357063083,BTC-INR
2020-09-30,799480.625,799730.3125,786841.4375,793039.1875,793039.1875,3248126397692,BTC-INR
2020-10-01,793830.625,800458.3125,766901.125,777921.0625,777921.0625,2931868673426,BTC-INR
2020-10-02,777948.125,781406.125,765600.625,775458.0,775458.0,3567984321045,BTC-INR
2020-10-03,775393.875,777141.875,770703.375,773504.25,773504.25,3274607227728,BTC-INR
2020-10-04,773585.75,783525.3125,772409.0,782322.0625,782322.0625,5224369177716,BTC-INR
2020-10-05,782831.4375,789178.6875,778878.125,789166.375,789166.375,3475759930575,BTC-INR
2020-10-06,789383.3125,789476.25,774550.375,780679.375,780679.375,3137888250620,BTC-INR
2020-10-07,780602.0625,783414.75,777823.0,782445.125,782445.125,2772151802549,BTC-INR
2020-10-08,782474.625,802546.375,773526.0,799923.3125,799923.3125,4639834763008,BTC-INR
2020-10-09,800819.3125,810357.8125,793712.75,807276.125,807276.125,1663450979971,BTC-INR
2020-10-10,806888.3125,834837.4375,806727.625,824196.0625,824196.0625,1669204771338,BTC-INR
2020-10-11,824175.6875,833859.9375,823631.8125,831216.6875,831216.6875,1458010383089,BTC-INR
2020-10-12,831833.9375,858097.1875,824034.5,847598.0,847598.0,1919154865435,BTC-INR
2020-10-13,847110.75,847133.625,831402.875,838872.9375,838872.9375,1779769924759,BTC-INR
2020-10-14,839104.125,845284.3125,828964.625,837731.9375,837731.9375,1766673797757,BTC-INR
2020-10-15,837519.0625,848900.8125,830131.0,843431.0625,843431.0625,1796665020298,BTC-INR
2020-10-16,843979.75,846780.875,823297.9375,831547.75,831547.75,1882785323890,BTC-INR
2020-10-17,831547.75,836258.375,828846.6875,834190.1875,834190.1875,1405025070206,BTC-INR
2020-10-18,834034.5625,843384.5,833417.375,843384.5,843384.5,1342800743994,BTC-INR
2020-10-19,844242.1875,865449.4375,837054.75,861833.8125,861833.8125,1751316088616,BTC-INR
2020-10-20,862122.875,881448.0,856953.375,875624.8125,875624.8125,2271727094031,BTC-INR
2020-10-21,875385.4375,971858.125,874730.875,945436.75,945436.75,3200784420125,BTC-INR
2020-10-22,943810.8125,969913.375,937535.9375,955938.875,955938.875,2560527931838,BTC-INR
2020-10-23,956355.9375,958655.4375,941559.1875,954789.1875,954789.1875,2139342650611,BTC-INR
2020-10-24,954791.75,970554.8125,951408.125,967822.6875,967822.6875,1812061184126,BTC-INR
2020-10-25,967822.6875,984149.0,953203.375,962171.1875,962171.1875,1802111974712,BTC-INR
2020-10-26,962173.1875,978685.3125,948453.0,966898.375,966898.375,2178638339511,BTC-INR
2020-10-27,966898.0,1015658.9375,965728.0625,1007752.875,1007752.875,2490917891024,BTC-INR
2020-10-28,1007752.5625,1019734.375,957976.625,984616.5625,984616.5625,2661050189792,BTC-INR
2020-10-29,984617.5625,1012870.4375,966485.5,998199.5625,998199.5625,4196924078909,BTC-INR
2020-10-30,998198.8125,1016995.625,980091.75,1010758.25,1010758.25,2281802563611,BTC-INR
2020-10-31,1010759.0625,1046699.1875,1004118.1875,1028253.1875,1028253.1875,2261282224700,BTC-INR
2020-11-01,1028253.1875,1034299.8125,1016865.875,1025276.0625,1025276.0625,1825125862394,BTC-INR
2020-11-02,1025270.25,1031586.0625,986205.625,1008973.5,1008973.5,2291251805569,BTC-INR
2020-11-03,1008970.625,1044144.625,991763.875,1041555.25,1041555.25,2230145847154,BTC-INR
2020-11-04,1041569.25,1056543.875,1016294.625,1048590.375,1048590.375,2605309453786,BTC-INR
2020-11-05,1048592.375,1164434.25,1046237.5,1155050.875,1155050.875,3028985122086,BTC-INR
2020-11-06,1155042.0,1176536.375,1126938.375,1151581.75,1151581.75,2947249362565,BTC-INR
2020-11-07,1151581.75,1164248.375,1067045.125,1097418.25,1097418.25,2591186353838,BTC-INR
2020-11-08,1097418.125,1156867.0,1090786.25,1145147.375,1145147.375,1970187619852,BTC-INR
2020-11-09,1145149.5,1167243.875,1101734.75,1133938.25,1133938.25,2525579799538,BTC-INR
2020-11-10,1133940.75,1145966.25,1124124.875,1135889.25,1135889.25,1899841952446,BTC-INR
2020-11-11,1135889.75,1185911.125,1135822.75,1170436.875,1170436.875,2219344622849,BTC-INR
2020-11-12,1170433.75,1217627.5,1159283.125,1218894.75,1218894.75,2559337102991,BTC-INR
2020-11-13,1218901.875,1229186.25,1191920.875,1216295.125,1216295.125,2355359787581,BTC-INR
2020-11-14,1216295.125,1216295.125,1173911.75,1197685.375,1197685.375,2048428961902,BTC-INR
2020-11-15,1197685.375,1201782.75,1177216.875,1189296.0,1189296.0,1763109616493,BTC-INR
2020-11-16,1189295.25,1249956.125,1184542.625,1243985.5,1243985.5,2346170051383,BTC-INR
2020-11-17,1241721.625,1323503.75,1232982.75,1315554.25,1315554.25,2908157863245,BTC-INR
2020-11-18,1315538.125,1370303.875,1285986.75,1321773.875,1321773.875,3642583038828,BTC-INR
2020-11-19,1321763.125,1343927.625,1290906.875,1320301.625,1320301.625,2740707255507,BTC-INR
2020-11-20,1320301.125,1391527.125,1316624.0,1381006.0,1381006.0,2743489562504,BTC-INR
2020-11-21,1381006.125,1404390.0,1367882.5,1382557.375,1382557.375,2940564699111,BTC-INR
2020-11-22,1382557.375,1386023.5,1310556.75,1362157.375,1362157.375,3060992950047,BTC-INR
2020-11-23,1362158.5,1385646.625,1334219.875,1363430.5,1363430.5,3173281998430,BTC-INR
2020-11-24,1363496.875,1432885.5,1340972.125,1413212.875,1413212.875,3806755938476,BTC-INR
2020-11-25,1412987.0,1432784.125,1371111.125,1382251.625,1382251.625,3225406940101,BTC-INR
2020-11-26,1382083.375,1392131.875,1206936.125,1266291.375,1266291.375,4533146341225,BTC-INR
2020-11-27,1266534.25,1288080.625,1223648.75,1264934.5,1264934.5,2875129367005,BTC-INR
2020-11-28,1265269.625,1320521.125,1250753.25,1310423.375,1310423.375,2411252845209,BTC-INR
2020-11-29,1310587.625,1352301.875,1298715.375,1344213.625,1344213.625,2302336869178,BTC-INR
2020-11-30,1344275.625,1460409.875,1344275.625,1452322.5,1452322.5,3531933561567,BTC-INR
2020-12-01,1452909.75,1461725.75,1349377.375,1385217.0,1385217.0,3656511984757,BTC-INR
2020-12-02,1385124.625,1423786.75,1347150.0,1414407.125,1414407.125,2754084326172,BTC-INR
2020-12-03,1414763.25,1444759.0,1397163.375,1437778.25,1437778.25,2360903848929,BTC-INR
2020-12-04,1437894.25,1441099.75,1379825.75,1380015.625,1380015.625,2499733123696,BTC-INR
2020-12-05,1379913.75,1414013.375,1371929.375,1413554.5,1413554.5,2010453682155,BTC-INR
2020-12-06,1413550.75,1431076.625,1394637.125,1427727.5,1427727.5,1866755921934,BTC-INR
2020-12-07,1427580.5,1432650.625,1397255.875,1416537.0,1416537.0,1985223984237,BTC-INR
2020-12-08,1416529.5,1422506.5,1346952.625,1350741.875,1350741.875,2336540800241,BTC-INR
2020-12-09,1350722.75,1374761.0,1319207.5,1369604.5,1369604.5,2540827506917,BTC-INR
2020-12-10,1369559.125,1369559.125,1323462.625,1347820.25,1347820.25,1885187932868,BTC-INR
2020-12-11,1347741.875,1348075.625,1300480.0,1331632.875,1331632.875,2058746862869,BTC-INR
2020-12-12,1331073.625,1395095.5,1330684.375,1386549.75,1386549.75,1603998328936,BTC-INR
2020-12-13,1386779.0,1429161.5,1381437.875,1411568.625,1411568.625,1876730027987,BTC-INR
2020-12-14,1411724.25,1421642.25,1401962.0,1417556.75,1417556.75,1655258315734,BTC-INR
2020-12-15,1417577.125,1434595.25,1405073.0,1427655.25,1427655.25,1966224483302,BTC-INR
2020-12-16,1427783.25,1579503.5,1423360.875,1568584.75,1568584.75,3268763259634,BTC-INR
2020-12-17,1568419.375,1737833.625,1563722.75,1676864.375,1676864.375,5248471710418,BTC-INR
2020-12-18,1676984.625,1708066.25,1646619.375,1703118.125,1703118.125,2972835919879,BTC-INR
2020-12-19,1702743.125,1772890.0,1680190.375,1756989.125,1756989.125,2832956689836,BTC-INR
2020-12-20,1756395.375,1782002.875,1703835.875,1727846.0,1727846.0,2785201621724,BTC-INR
2020-12-21,1727637.0,1773343.25,1640704.25,1685955.875,1685955.875,3390140629224,BTC-INR
2020-12-22,1685287.375,1763343.25,1657446.625,1762833.75,1762833.75,3274067671735,BTC-INR
2020-12-23,1762755.625,1772905.25,1683869.25,1716141.375,1716141.375,3776633515645,BTC-INR
2020-12-24,1716057.0,1748355.125,1678788.625,1745972.625,1745972.625,3021824849377,BTC-INR
2020-12-25,1745797.625,1817651.625,1726106.125,1814318.625,1814318.625,3094511275497,BTC-INR
2020-12-26,1815217.875,1965356.0,1803865.75,1944683.375,1944683.375,3555303667369,BTC-INR
2020-12-27,1944855.25,2089131.0,1914396.625,1936930.75,1936930.75,4901245194984,BTC-INR
2020-12-28,1937559.5,2013748.875,1932164.125,1991956.25,1991956.25,3607885465491,BTC-INR
2020-12-29,1991735.75,2010052.25,1907740.5,2009443.875,2009443.875,3324242771985,BTC-INR
2020-12-30,2009271.625,2117999.5,2009271.625,2110859.25,2110859.25,3753709980901,BTC-INR
2020-12-31,2110904.75,2140422.25,2058085.375,2118790.25,2118790.25,3415796168900,BTC-INR
2021-01-01,2118227.0,2163227.25,2104315.0,2147022.75,2147022.75,2977069369481,BTC-INR
2021-01-02,2147191.25,2423382.25,2126340.0,2348254.25,2348254.25,4960436300944,BTC-INR
2021-01-03,2348410.75,2529617.25,2342776.0,2395940.25,2395940.25,5749407146511,BTC-INR
2021-01-04,2398054.25,2437574.75,2097177.5,2336819.0,2336819.0,5932217878548,BTC-INR
2021-01-05,2337193.75,2518591.25,2209558.75,2487166.5,2487166.5,4942319614003,BTC-INR
2021-01-06,2488716.75,2697471.5,2454056.75,2693424.25,2693424.25,5506853873887,BTC-INR
2021-01-07,2694120.0,2951202.0,2671167.0,2891625.75,2891625.75,6225397405318,BTC-INR
2021-01-08,2892413.25,3074446.0,2704389.0,2993704.25,2993704.25,6465276914895,BTC-INR
2021-01-09,2993046.0,3038962.0,2860393.25,2953814.25,2953814.25,4548298694325,BTC-INR
2021-01-10,2953790.0,3039347.25,2640494.25,2813688.5,2813688.5,5867095800818,BTC-INR
2021-01-11,2812961.5,2812961.5,2245556.0,2614815.75,2614815.75,9066373101192,BTC-INR
2021-01-12,2611118.25,2680655.75,2397142.75,2481337.5,2481337.5,5469385028831,BTC-INR
2021-01-13,2480764.0,2751168.5,2383596.25,2730439.75,2730439.75,5075390260328,BTC-INR
2021-01-14,2731080.0,2920723.25,2697886.5,2864221.75,2864221.75,4649725155669,BTC-INR
2021-01-15,2861983.75,2891636.5,2536069.75,2694199.0,2694199.0,4957478687690,BTC-INR
2021-01-16,2693927.0,2770214.0,2605899.75,2645725.5,2645725.5,4220082430105,BTC-INR
2021-01-17,2644665.75,2686699.0,2492596.75,2617995.75,2617995.75,3829924063089,BTC-INR
2021-01-18,2618066.0,2734263.25,2555848.5,2680935.25,2680935.25,3623734467416,BTC-INR
2021-01-19,2681825.0,2762476.0,2640030.25,2640030.25,2640030.25,4189831295290,BTC-INR
2021-01-20,2638588.75,2662615.25,2448464.5,2591756.25,2591756.25,4872851852967,BTC-INR
2021-01-21,2591876.25,2592080.25,2207020.75,2248893.5,2248893.5,5518551349620,BTC-INR
2021-01-22,2248304.5,2467827.25,2112309.25,2409401.0,2409401.0,5636084568950,BTC-INR
2021-01-23,2407940.5,2435331.5,2298981.75,2340918.75,2340918.75,3529866859354,BTC-INR
2021-01-24,2340680.25,2404893.0,2270769.5,2356991.0,2356991.0,3550798540158,BTC-INR
2021-01-25,2356729.75,2538292.5,2340924.5,2361793.5,2361793.5,4370720855214,BTC-INR
2021-01-26,2361225.75,2391150.75,2262643.25,2374998.5,2374998.5,4393834492447,BTC-INR
2021-01-27,2374574.0,2374574.0,2145692.75,2222773.5,2222773.5,4570566022713,BTC-INR
2021-01-28,2223394.0,2469584.5,2194028.5,2440985.25,2440985.25,5581088791799,BTC-INR
2021-01-29,2503171.25,2798397.5,2340426.75,2501913.5,2501913.5,8595369071680,BTC-INR
2021-01-30,2500422.25,2539702.75,2401578.5,2498482.75,2498482.75,4749285084927,BTC-INR
2021-01-31,2498581.5,2499854.0,2352716.75,2414384.5,2414384.5,3846360241705,BTC-INR
2021-02-01,2414400.5,2530964.0,2361031.75,2452240.0,2452240.0,4489600366300,BTC-INR
2021-02-02,2451949.25,2617681.5,2448733.25,2589344.75,2589344.75,4600303251342,BTC-INR
2021-02-03,2589383.5,2729425.25,2585644.0,2730151.0,2730151.0,4456507573788,BTC-INR
2021-02-04,2730370.75,2814054.75,2649159.75,2695098.25,2695098.25,5024239240167,BTC-INR
2021-02-05,2695498.5,2785829.25,2675466.75,2776459.25,2776459.25,4265253636706,BTC-INR
2021-02-06,2776028.5,2973150.75,2776028.5,2858106.25,2858106.25,5191700735343,BTC-INR
2021-02-07,2856954.75,2884006.0,2725642.0,2831977.75,2831977.75,4768122185042,BTC-INR
2021-02-08,2830768.5,3369659.75,2773193.75,3369115.0,3369115.0,7400019872088,BTC-INR
2021-02-09,3368278.5,3498895.5,3293362.0,3386420.25,3386420.25,6688884157796,BTC-INR
2021-02-10,3385593.75,3435026.25,3196202.75,3270382.75,3270382.75,6356178293089,BTC-INR
2021-02-11,3268965.0,3524534.75,3218205.5,3483475.5,3483475.5,5917767430465,BTC-INR
2021-02-12,3481127.25,3546137.5,3373314.5,3448422.25,3448422.25,5557203167694,BTC-INR
2021-02-13,3447431.5,3487831.5,3367664.5,3419439.0,3419439.0,5099554375276,BTC-INR
2021-02-14,3420091.75,3592359.75,3420091.75,3536634.0,3536634.0,5172300926880,BTC-INR
2021-02-15,3535127.25,3548124.5,3363142.0,3482678.5,3482678.5,5598276842607,BTC-INR
2021-02-16,3482635.0,3660943.5,3427775.25,3588405.0,3588405.0,5619630590149,BTC-INR
2021-02-17,3588945.0,3821847.5,3579116.0,3796127.0,3796127.0,5883238497441,BTC-INR
2021-02-18,3795542.0,3819792.25,3702869.5,3752245.0,3752245.0,3779466728671,BTC-INR
2021-02-19,3751968.0,4071219.25,3697975.0,4054759.5,4054759.5,4606684020310,BTC-INR
2021-02-20,4054701.75,4172082.0,3963230.75,4071170.25,4071170.25,4945350106812,BTC-INR
2021-02-21,4068924.0,4232134.0,4040189.0,4175234.25,4175234.25,3765811415421,BTC-INR
2021-02-22,4174711.5,4174758.75,3551176.75,3927762.0,3927762.0,6669948080246,BTC-INR
2021-02-23,3927589.0,3927589.0,3283611.25,3534027.0,3534027.0,7679948514183,BTC-INR
2021-02-24,3534798.75,3712092.75,3417438.25,3598459.75,3598459.75,4611291412102,BTC-INR
2021-02-25,3598731.25,3773175.5,3444981.25,3444981.25,3444981.25,3987231608369,BTC-INR
2021-02-26,3451317.0,3578067.25,3252707.5,3410439.5,3410439.5,25829977008274,BTC-INR
2021-02-27,3410808.5,3551267.0,3331637.25,3399303.75,3399303.75,3378880374294,BTC-INR
2021-02-28,3399713.25,3438161.25,3182427.5,3326373.5,3326373.5,3938482885801,BTC-INR
2021-03-01,3327975.25,3649731.0,3324702.5,3638530.75,3638530.75,3950841269911,BTC-INR
2021-03-02,3637128.0,3674925.5,3460037.0,3545103.5,3545103.5,3482957240411,BTC-INR
2021-03-03,3547802.0,3825755.5,3537433.5,3689294.5,3689294.5,3885122041627,BTC-INR
2021-03-04,3688131.0,3775394.25,3487875.0,3551448.0,3551448.0,3828086412461,BTC-INR
2021-03-05,3548951.5,3613869.75,3403796.0,3580544.25,3580544.25,3558489239024,BTC-INR
2021-03-06,3578489.75,3596637.75,3458348.25,3579452.0,3579452.0,2514756589065,BTC-INR
2021-03-07,3579913.0,3760474.75,3579913.0,3747472.0,3747472.0,3156939387731,BTC-INR
2021-03-08,3745088.0,3837072.25,3619412.5,3831271.25,3831271.25,3563680695516,BTC-INR
2021-03-09,3833210.5,3989882.75,3812786.5,3989882.75,3989882.75,3705190805773,BTC-INR
2021-03-10,3989875.0,4164058.0,3889622.0,4072166.0,4072166.0,4165740803027,BTC-INR
2021-03-11,4068867.25,4219685.5,3960319.25,4198921.0,4198921.0,4123900459471,BTC-INR
2021-03-12,4200090.0,4212831.0,4026679.75,4167426.5,4167426.5,4048060312950,BTC-INR
2021-03-13,4168246.5,4483754.0,4086442.25,4451714.0,4451714.0,4410044426824,BTC-INR
2021-03-14,4450118.5,4477506.5,4310706.5,4310706.5,4310706.5,3191195802876,BTC-INR
2021-03-15,4308170.5,4402540.0,4017405.25,4054141.25,4054141.25,4816437138205,BTC-INR
2021-03-16,4049325.25,4121218.25,3886201.75,4119249.75,4119249.75,4332801099232,BTC-INR
2021-03-17,4120767.25,4263208.0,3958972.0,4272263.5,4272263.5,4372948680681,BTC-INR
2021-03-18,4273873.5,4366282.5,3941986.5,4204622.0,4204622.0,4051078624517,BTC-INR
2021-03-19,4204006.0,4311526.0,4116323.5,4226751.0,4226751.0,3554287597963,BTC-INR
2021-03-20,4225708.5,4348789.5,4217090.5,4224360.0,4224360.0,3648307051250,BTC-INR
2021-03-21,4224089.5,4257267.0,4057161.75,4165414.75,4165414.75,3761352557275,BTC-INR
2021-03-22,4165014.25,4231253.5,3929445.0,3946860.5,3946860.5,4091065302129,BTC-INR
2021-03-23,3945595.0,4061500.0,3868578.0,3974729.0,3974729.0,4097885352185,BTC-INR
2021-03-24,3972662.75,4158823.5,3815234.25,3833831.5,3833831.5,5126416165813,BTC-INR
2021-03-25,3830379.5,3876474.0,3695673.25,3754396.75,3754396.75,4937673673815,BTC-INR
2021-03-26,3752861.0,3994554.75,3745370.5,3994554.75,3994554.75,4104304107841,BTC-INR
2021-03-27,3994573.0,4098219.75,3929757.5,4055135.0,4055135.0,3424337808198,BTC-INR
2021-03-28,4055238.5,4101269.5,3989758.5,4053488.75,4053488.75,3454770995980,BTC-INR
2021-03-29,4053282.5,4238953.5,4002151.5,4200873.5,4200873.5,4191808749605,BTC-INR
2021-03-30,4200868.5,4367168.5,4167999.0,4327242.0,4327242.0,3996474545870,BTC-INR
2021-03-31,4328166.5,4399296.0,4242098.0,4313079.0,4313079.0,4796369724151,BTC-INR
2021-04-01,4313645.0,4372515.0,4296275.5,4330986.5,4330986.5,4519581493210,BTC-INR
2021-04-02,4331211.5,4416861.5,4314397.0,4357392.5,4357392.5,4309224310042,BTC-INR
2021-04-03,4358353.0,4410660.0,4226751.5,4226751.5,4226751.5,4376252239033,BTC-INR
2021-04-04,4226821.5,4322864.0,4194817.5,4311483.0,4311483.0,3723820363477,BTC-INR
2021-04-05,4311653.0,4385289.0,4235815.0,4327746.5,4327746.5,4448540383286,BTC-INR
2021-04-06,4336104.5,4357601.5,4236046.0,4276035.5,4276035.5,4854013257480,BTC-INR
2021-04-07,4275605.5,4339996.5,4137898.5,4170133.5,4170133.5,5628135401372,BTC-INR
2021-04-08,4173926.0,4348846.0,4157496.0,4347744.0,4347744.0,3954885821727,BTC-INR
2021-04-09,4347938.5,4402753.5,4327570.5,4352631.5,4352631.5,3486529831369,BTC-INR
2021-04-10,4353287.5,4579187.0,4337215.0,4468330.5,4468330.5,4352143430813,BTC-INR
2021-04-11,4472291.0,4542860.0,4430708.5,4499101.5,4499101.5,3458511242469,BTC-INR
2021-04-12,4496932.5,4587947.0,4473311.5,4491485.5,4491485.5,3886698708052,BTC-INR
2021-04-13,4491228.0,4798035.0,4489723.5,4774301.0,4774301.0,5261478709934,BTC-INR
2021-04-14,4775827.0,4874119.0,4619650.0,4734890.5,4734890.5,5810924485825,BTC-INR
2021-04-15,4732302.0,4769128.5,4671974.0,4731307.5,4731307.5,4554978119306,BTC-INR
2021-04-16,4727160.0,4750986.0,4480725.0,4591076.5,4591076.5,6285173233040,BTC-INR
2021-04-17,4587880.0,4665594.0,4500174.0,4524215.5,4524215.5,4930902439372,BTC-INR
2021-04-18,4525562.5,4552071.5,3938648.0,4191673.0,4191673.0,7267615810350,BTC-INR
2021-04-19,4189838.5,4303363.5,4071117.5,4172547.0,4172547.0,4892922610619,BTC-INR
2021-04-20,4169366.75,4305217.0,3994477.5,4260859.5,4260859.5,5119194582387,BTC-INR
2021-04-21,4260716.0,4282363.5,4050096.5,4066144.75,4066144.75,4143123111620,BTC-INR
2021-04-22,4062450.25,4158152.5,3798290.0,3886924.75,3886924.75,5616767412951,BTC-INR
2021-04-23,3885237.75,3913857.75,3576298.5,3825294.75,3825294.75,6488735785544,BTC-INR
2021-04-24,3829006.5,3830828.5,3654017.5,3747273.5,3747273.5,3669680914080,BTC-INR
2021-04-25,3747420.5,3781350.25,3532815.75,3668868.0,3668868.0,3452712757206,BTC-INR
2021-04-26,3674374.0,4058248.5,3657532.75,4041646.0,4041646.0,4360529473505,BTC-INR
2021-04-27,4042285.5,4132692.5,3980517.25,4104108.5,4104108.5,3687613524681,BTC-INR
2021-04-28,4104371.0,4180402.75,4011338.5,4074136.75,4074136.75,3567021361449,BTC-INR
2021-04-29,4076617.75,4095771.75,3884173.5,3968757.5,3968757.5,3415468534704,BTC-INR
2021-04-30,3969762.0,4290183.0,3937224.75,4279028.5,4279028.5,3882302987955,BTC-INR
2021-05-01,4276397.0,4330759.0,4227317.0,4284798.5,4284798.5,3173986674779,BTC-INR
2021-05-02,4284636.5,4290321.5,4159862.75,4196083.0,4196083.0,2828757100776,BTC-INR
2021-05-03,4195282.5,4365466.5,4193109.0,4223535.0,4223535.0,3818376660176,BTC-INR
2021-05-04,4224560.5,4224560.5,3924418.0,3934903.0,3934903.0,5058645731479,BTC-INR
2021-05-05,3928899.5,4271334.0,3908011.75,4237814.0,4237814.0,5109915423174,BTC-INR
2021-05-06,4239090.5,4302187.0,4076498.25,4151654.75,4151654.75,5117987918539,BTC-INR
2021-05-07,4152938.5,4294404.0,4072324.0,4203679.5,4203679.5,5015563790255,BTC-INR
2021-05-08,4203413.0,4358518.0,4175741.75,4310081.5,4310081.5,4792310948535,BTC-INR
2021-05-09,4315477.0,4339921.0,4139905.0,4267878.5,4267878.5,4830337386515,BTC-INR
2021-05-10,4269238.5,4365943.0,3972143.25,4105709.25,4105709.25,5275594240615,BTC-INR
2021-05-11,4104786.25,4172762.5,4012453.0,4160718.0,4160718.0,4498525038311,BTC-INR
2021-05-12,4161448.75,4256196.5,3621502.0,3621502.0,3621502.0,5542009807476,BTC-INR
2021-05-13,3664598.5,3777385.5,3461574.5,3651423.0,3651423.0,7103718929033,BTC-INR
2021-05-14,3648984.0,3768570.25,3585600.75,3655200.5,3655200.5,4084393649579,BTC-INR
2021-05-15,3653365.75,3710829.0,3419506.25,3426544.5,3426544.5,4335268313983,BTC-INR
2021-05-16,3423353.25,3643440.0,3221594.75,3404260.75,3404260.75,4693373843050,BTC-INR
2021-05-17,3401317.75,3416539.75,3095333.25,3189991.25,3189991.25,5488185844038,BTC-INR
2021-05-18,3186367.75,3345688.5,3098751.5,3137897.75,3137897.75,4108894693423,BTC-INR
2021-05-19,3140499.25,3184372.5,2246731.0,2709442.75,2709442.75,9252363542578,BTC-INR
2021-05-20,2691227.0,3103174.25,2566530.5,2978043.25,2978043.25,6446537310226,BTC-INR
2021-05-21,2964476.5,3079511.5,2451190.75,2720086.5,2720086.5,5982826464076,BTC-INR
2021-05-22,2724923.5,2831381.75,2580015.5,2736998.5,2736998.5,4183686829236,BTC-INR
2021-05-23,2736620.5,2791873.75,2276954.0,2535125.0,2535125.0,5721198795572,BTC-INR
2021-05-24,2530005.25,2904816.25,2517616.5,2819221.5,2819221.5,4906259788315,BTC-INR
2021-05-25,2825762.25,2897192.25,2662253.75,2795880.0,2795880.0,4092517299107,BTC-INR
2021-05-26,2795181.0,2964039.25,2759740.25,2855617.5,2855617.5,3731508550318,BTC-INR
2021-05-27,2857266.5,2931485.5,2710549.0,2793746.75,2793746.75,3140739525631,BTC-INR
2021-05-28,2798843.0,2824332.25,2517783.25,2584281.75,2584281.75,3996146136097,BTC-INR
2021-05-29,2583308.25,2695543.0,2439228.25,2505985.25,2505985.25,3274440410040,BTC-INR
2021-05-30,2505358.25,2635179.0,2426690.25,2582873.75,2582873.75,2290978660574,BTC-INR
2021-05-31,2581459.5,2715978.0,2479116.75,2706163.5,2706163.5,2827724536300,BTC-INR
2021-06-01,2703332.0,2747045.25,2608204.5,2672689.5,2672689.5,2523664017381,BTC-INR
2021-06-02,2673782.25,2788041.5,2620345.25,2741540.0,2741540.0,2412898687490,BTC-INR
2021-06-03,2743307.75,2877492.5,2719461.75,2863975.0,2863975.0,2590204061222,BTC-INR
2021-06-04,2866438.25,2866438.25,2607390.0,2689965.5,2689965.5,3049898510842,BTC-INR
2021-06-05,2688926.75,2764574.75,2544583.75,2592088.0,2592088.0,2621799811605,BTC-INR
2021-06-06,2591114.75,2656574.0,2577544.25,2614724.0,2614724.0,2108077449547,BTC-INR
2021-06-07,2612747.25,2682347.0,2437713.5,2443543.25,2443543.25,2452515470653,BTC-INR
2021-06-08,2445641.0,2476794.0,2269226.25,2442683.75,2442683.75,3641629527223,BTC-INR
2021-06-09,2438622.25,2739685.5,2368351.25,2725654.0,2725654.0,3939242801067,BTC-INR
2021-06-10,2728894.0,2801016.0,2617132.25,2679750.5,2679750.5,3181597321106,BTC-INR
2021-06-11,2679343.75,2748341.75,2631713.5,2734065.25,2734065.25,2834051398962,BTC-INR
2021-06-12,2734485.75,2739523.0,2543207.75,2603574.75,2603574.75,2777259520329,BTC-INR
2021-06-13,2603814.5,2879755.25,2553161.5,2863208.75,2863208.75,2978274452314,BTC-INR
2021-06-14,2857285.0,2999576.0,2838893.5,2943230.5,2943230.5,3157682838993,BTC-INR
2021-06-15,2958502.75,3029429.25,2903789.5,2963664.75,2963664.75,3404762806606,BTC-INR
2021-06-16,2946239.25,2972878.0,2818321.0,2830947.25,2830947.25,2894773591302,BTC-INR
2021-06-17,2830530.75,2926422.25,2779027.75,2825630.25,2825630.25,2754581256992,BTC-INR
2021-06-18,2829043.75,2835562.0,2612640.75,2653413.0,2653413.0,2684082206204,BTC-INR
2021-06-19,2658401.75,2703130.5,2590080.5,2640706.5,2640706.5,2313835668177,BTC-INR
2021-06-20,2636797.0,2673598.0,2478791.25,2646819.5,2646819.5,2718423200568,BTC-INR
2021-06-21,2642582.0,2648554.0,2320134.75,2348365.75,2348365.75,3915021628983,BTC-INR
2021-06-22,2344339.0,2472830.25,2148089.5,2416225.25,2416225.25,4382964766523,BTC-INR
2021-06-23,2416972.75,2576967.25,2361737.5,2503838.25,2503838.25,3438912731775,BTC-INR
2021-06-24,2500851.5,2613996.5,2402443.5,2571625.25,2571625.25,2457440964638,BTC-INR
2021-06-25,2571378.0,2631060.0,2325729.25,2347012.25,2347012.25,2984483364466,BTC-INR
2021-06-26,2343813.75,2421181.75,2239202.5,2387702.0,2387702.0,2862412451710,BTC-INR
2021-06-27,2395212.75,2572194.75,2379206.5,2571713.5,2571713.5,2635691316830,BTC-INR
2021-06-28,2573901.25,2613853.0,2519085.25,2557977.0,2557977.0,2517728157059,BTC-INR
2021-06-29,2561039.25,2713028.75,2543440.75,2664539.75,2664539.75,2815617599537,BTC-INR
2021-06-30,2667556.5,2679914.5,2533659.75,2606038.0,2606038.0,2533019900288,BTC-INR
2021-07-01,2605676.75,2605676.75,2450978.0,2503053.25,2503053.25,2821178042429,BTC-INR
2021-07-02,2501374.25,2530451.0,2451099.25,2524721.5,2524721.5,2884613293182,BTC-INR
2021-07-03,2521546.5,2600144.75,2487901.25,2582215.75,2582215.75,1816189172429,BTC-INR
2021-07-04,2581993.5,2677523.0,2561951.0,2628306.0,2628306.0,1856413448354,BTC-INR
2021-07-05,2628050.25,2628050.25,2468193.25,2507936.75,2507936.75,1985893539998,BTC-INR
2021-07-06,2506265.25,2611439.25,2511553.0,2559397.0,2559397.0,1981214020405,BTC-INR
2021-07-07,2558685.75,2613307.25,2531928.5,2533128.5,2533128.5,1855292186446,BTC-INR
2021-07-08,2535693.25,2537062.75,2404251.5,2456651.5,2456651.5,2234954211952,BTC-INR
2021-07-09,2455478.25,2535832.5,2415191.75,2517635.75,2517635.75,2043727039800,BTC-INR
2021-07-10,2518621.5,2548255.75,2466833.25,2496965.25,2496965.25,1711189786330,BTC-INR
2021-07-11,2496113.0,2576451.25,2484020.25,2550786.0,2550786.0,1498036895030,BTC-INR
2021-07-12,2551816.25,2577288.5,2436163.75,2471501.5,2471501.5,1812972002413,BTC-INR
2021-07-13,2469237.0,2482092.25,2407976.5,2441512.5,2441512.5,1427550978909,BTC-INR
2021-07-14,2443141.5,2464203.5,2360959.0,2444258.75,2444258.75,1591896277550,BTC-INR
2021-07-15,2444670.25,2471012.0,2324182.0,2368921.5,2368921.5,1587731597871,BTC-INR
2021-07-16,2373455.0,2403746.0,2320320.5,2345052.25,2345052.25,1768739361360,BTC-INR
2021-07-17,2343244.0,2383411.5,2330309.0,2353344.25,2353344.25,1410154158641,BTC-INR
2021-07-18,2353405.25,2417969.5,2329643.5,2371928.75,2371928.75,1401516826149,BTC-INR
2021-07-19,2372167.5,2384727.5,2289419.25,2311138.5,2311138.5,1532477411456,BTC-INR
2021-07-20,2312672.5,2325273.5,2190553.75,2221459.25,2221459.25,1725176445377,BTC-INR
2021-07-21,2220635.0,2437516.5,2201774.75,2390334.5,2390334.5,2099445952326,BTC-INR
2021-07-22,2392432.25,2425456.5,2364423.0,2405822.0,2405822.0,1455954162473,BTC-INR
2021-07-23,2405289.75,2500114.5,2386922.0,2500114.5,2500114.5,1678978414585,BTC-INR
2021-07-24,2501021.25,2567585.5,2488449.0,2552849.75,2552849.75,1612796605535,BTC-INR
2021-07-25,2552689.25,2632888.75,2522282.5,2631791.5,2631791.5,1552762595730,BTC-INR
2021-07-26,2634311.25,3014020.25,2627114.25,2773796.25,2773796.25,3790421306911,BTC-INR
2021-07-27,2769227.5,2935918.0,2708823.0,2935918.0,2935918.0,2614844026189,BTC-INR
2021-07-28,2943088.5,3036134.0,2895436.0,2975305.0,2975305.0,2879081212569,BTC-INR
2021-07-29,2975271.25,3015307.0,2926775.75,2970715.25,2970715.25,2017221745714,BTC-INR
2021-07-30,2972130.75,3141450.5,2857554.0,3141450.5,3141450.5,2459930445632,BTC-INR
2021-07-31,3138531.5,3141145.5,3057795.0,3096127.25,3096127.25,1919197574638,BTC-INR
2021-08-01,3083828.5,3164220.25,2940825.5,2973306.5,2973306.5,1985068439343,BTC-INR
2021-08-02,2968276.0,3005829.5,2879661.5,2913965.25,2913965.25,1902551391255,BTC-INR
2021-08-03,2912215.5,2955321.25,2804236.75,2831506.5,2831506.5,1943666612352,BTC-INR
2021-08-04,2835985.5,2964554.0,2789774.0,2948865.25,2948865.25,1882389134487,BTC-INR
2021-08-05,2948643.5,3063079.25,2777084.0,3027324.25,3027324.25,2606255348808,BTC-INR
2021-08-06,3027051.0,3211053.5,2958814.75,3178784.75,3178784.75,2838012542054,BTC-INR
2021-08-07,3179994.75,3316457.25,3164089.75,3306508.5,3306508.5,2970710615181,BTC-INR
2021-08-08,3307891.75,3360426.5,3227427.75,3262594.0,3262594.0,2704245251396,BTC-INR
2021-08-09,3262132.75,3458414.0,3182275.5,3452667.0,3452667.0,2884389515742,BTC-INR
2021-08-10,3446370.5,3472965.5,3328250.25,3393156.0,3393156.0,2497023122293,BTC-INR
2021-08-11,3394248.25,3470411.0,3374879.25,3378509.0,3378509.0,2543105851852,BTC-INR
2021-08-12,3377267.25,3432150.5,3259088.0,3299260.5,3299260.5,2504328020728,BTC-INR
2021-08-13,3300107.25,3549945.75,3288436.75,3547077.0,3547077.0,2355963710189,BTC-INR
2021-08-14,3548366.0,3569740.0,3427165.5,3495394.0,3495394.0,2316413092596,BTC-INR
2021-08-15,3495373.5,3514702.25,3382780.5,3491689.5,3491689.5,2299908892498,BTC-INR
2021-08-16,3489682.5,3561160.75,3389478.5,3410852.25,3410852.25,2430134466947,BTC-INR
2021-08-17,3405808.5,3503608.75,3310181.25,3323758.75,3323758.75,2487601882375,BTC-INR
2021-08-18,3323118.5,3412641.75,3299128.75,3327386.75,3327386.75,2391059355871,BTC-INR
2021-08-19,3322982.25,3495895.25,3271353.75,3477168.25,3477168.25,2769100110857,BTC-INR
2021-08-20,3477580.75,3666205.75,3472191.0,3665984.75,3665984.75,2578779253337,BTC-INR
2021-08-21,3665085.5,3694108.75,3592133.0,3633810.0,3633810.0,3015590334759,BTC-INR
2021-08-22,3631106.5,3677354.5,3581385.75,3664685.0,3664685.0,1885107742917,BTC-INR
2021-08-23,3662457.75,3744959.75,3637647.5,3671674.5,3671674.5,2542215628173,BTC-INR
2021-08-24,3672875.0,3697673.5,3535764.0,3537172.75,3537172.75,2621855843395,BTC-INR
2021-08-25,3538740.0,3645756.25,3501276.25,3628118.75,3628118.75,2419177516900,BTC-INR
2021-08-26,3631220.25,3656667.75,3440698.5,3481063.0,3481063.0,2422431789078,BTC-INR
2021-08-27,3477528.5,3609632.5,3440440.0,3605655.25,3605655.25,2536453723678,BTC-INR
2021-08-28,3606678.0,3622180.0,3564538.75,3594170.0,3594170.0,2099664182021,BTC-INR
2021-08-29,3594820.25,3648683.5,3522397.0,3588839.0,3588839.0,1902807766164,BTC-INR
2021-08-30,3589208.0,3595883.0,3446687.25,3454374.5,3454374.5,2337934803979,BTC-INR
2021-08-31,3452124.75,3514534.0,3432440.5,3443024.0,3443024.0,2535210359459,BTC-INR
2021-09-01,3438139.5,3583707.25,3400222.0,3565117.5,3565117.5,2856602704762,BTC-INR
2021-09-02,3562258.0,3677141.0,3550906.5,3603614.5,3603614.5,2886244298525,BTC-INR
2021-09-03,3600730.75,3720951.0,3535329.5,3651584.75,3651584.75,3153819959103,BTC-INR
2021-09-04,3650413.25,3689557.0,3616796.0,3645690.5,3645690.5,2735206457343,BTC-INR
2021-09-05,3645196.5,3786158.0,3616052.75,3777727.5,3777727.5,2213396207532,BTC-INR
2021-09-06,3778865.5,3852910.5,3731189.25,3848050.75,3848050.75,2842826435407,BTC-INR
2021-09-07,3850020.5,3862870.5,3179006.5,3435499.0,3435499.0,4785808471068,BTC-INR
2021-09-08,3436719.75,3472734.0,3280754.75,3402109.25,3402109.25,3617373216678,BTC-INR
2021-09-09,3378736.75,3475570.5,3367572.5,3411249.5,3411249.5,2843673948236,BTC-INR
2021-09-10,3411634.75,3460431.0,3260477.0,3300138.75,3300138.75,2878889931642,BTC-INR
2021-09-11,3299104.25,3379942.75,3295312.25,3323487.0,3323487.0,2536638336210,BTC-INR
2021-09-12,3323867.25,3409008.0,3293268.0,3386781.25,3386781.25,2050009988662,BTC-INR
2021-09-13,3386336.0,3431315.0,3208430.25,3306672.0,3306672.0,3013009518182,BTC-INR
2021-09-14,3306449.75,3477395.25,3291133.5,3468075.0,3468075.0,2846495281516,BTC-INR
2021-09-15,3468480.25,3560147.75,3445908.0,3540005.25,3540005.25,2240005373032,BTC-INR
2021-09-16,3538723.75,3560387.5,3464064.5,3515190.0,3515190.0,2336745034658,BTC-INR
2021-09-17,3514281.0,3537444.0,3450597.0,3483557.25,3483557.25,2117196590852,BTC-INR
2021-09-18,3483999.75,3595893.25,3470274.0,3558055.0,3558055.0,2105988244711,BTC-INR
2021-09-19,3557354.5,3561740.25,3457844.75,3482905.25,3482905.25,1987422592164,BTC-INR
2021-09-20,3482993.0,3487920.25,3136586.0,3155842.75,3155842.75,3234366604986,BTC-INR
2021-09-21,3168249.25,3212509.5,2936202.25,3003004.0,3003004.0,3593913891022,BTC-INR
2021-09-22,3001843.75,3241056.75,2996809.25,3219073.0,3219073.0,2817576398213,BTC-INR
2021-09-23,3218023.0,3318725.75,3184678.5,3315061.0,3315061.0,2528587093855,BTC-INR
2021-09-24,3315002.25,3324893.25,3020401.5,3162135.0,3162135.0,3162104909147,BTC-INR
2021-09-25,3162219.0,3173687.25,3082429.25,3153044.25,3153044.25,2332842153795,BTC-INR
2021-09-26,3153415.75,3247977.0,3015151.5,3189358.0,3189358.0,2263201077771,BTC-INR
2021-09-27,3191251.0,3266927.5,3114746.75,3118076.25,3118076.25,2287117777256,BTC-INR
2021-09-28,3115504.5,3156827.0,3035637.25,3043267.25,3043267.25,2240847072970,BTC-INR
2021-09-29,3045524.75,3156943.5,3028073.0,3089169.75,3089169.75,2274445577158,BTC-INR
2021-09-30,3088196.5,3272947.5,3080267.25,3251677.75,3251677.75,2312414691786,BTC-INR
2021-10-01,3253596.75,3591045.25,3214413.25,3567979.5,3567979.5,3177471487215,BTC-INR
2021-10-02,3569501.5,3580223.5,3519673.25,3537914.0,3537914.0,2270122674635,BTC-INR
2021-10-03,3535581.5,3643151.25,3496819.0,3574140.25,3574140.25,1975279211682,BTC-INR
2021-10-04,3574804.25,3686738.0,3500385.5,3662498.25,3662498.25,2489484562047,BTC-INR
2021-10-05,3667126.0,3865425.75,3659510.5,3841122.5,3841122.5,2674882208326,BTC-INR
2021-10-06,3839023.75,4154715.25,3785756.25,4139246.0,4139246.0,3666211984342,BTC-INR
2021-10-07,4137539.25,4137539.25,4008203.75,4026320.25,4026320.25,2754344746173,BTC-INR
2021-10-08,4026033.0,4198278.5,4025986.5,4064102.5,4064102.5,2620714542109,BTC-INR
2021-10-09,4061236.0,4162129.75,4046578.5,4129844.5,4129844.5,2441113027981,BTC-INR
2021-10-10,4128687.25,4237514.0,4076954.25,4124631.5,4124631.5,2976681987176,BTC-INR
2021-10-11,4121810.75,4355590.0,4105674.0,4334517.5,4334517.5,3214976710157,BTC-INR
2021-10-12,4337687.5,4337754.5,4110270.5,4230211.5,4230211.5,3101172540926,BTC-INR
2021-10-13,4230000.0,4342361.0,4097070.5,4322679.0,4322679.0,3139097558219,BTC-INR
2021-10-14,4320550.5,4400963.5,4274195.5,4298842.5,4298842.5,2746010720352,BTC-INR
2021-10-15,4300670.5,4708602.0,4264985.5,4615743.0,4615743.0,3880308714999,BTC-INR
2021-10-16,4616910.0,4666740.5,4511741.5,4563153.5,4563153.5,2566707320742,BTC-INR
2021-10-17,4562814.0,4623793.5,4433681.5,4616900.0,4616900.0,2177606112349,BTC-INR
2021-10-18,4616539.0,4712128.5,4522867.5,4666578.0,4666578.0,2863138602168,BTC-INR
2021-10-19,4667864.0,4840358.0,4624857.0,4827383.0,4827383.0,3040210110656,BTC-INR
2021-10-20,4829080.0,5008418.5,4776326.5,4936755.5,4936755.5,3051317469703,BTC-INR
2021-10-21,4937458.0,4985084.0,4650528.5,4657473.5,4657473.5,3436991753736,BTC-INR
2021-10-22,4659548.5,4763802.0,4506134.0,4551546.5,4551546.5,2882319838488,BTC-INR
2021-10-23,4551724.0,4630411.0,4486621.0,4604490.0,4604490.0,2016177242470,BTC-INR
2021-10-24,4602594.5,4612904.0,4472735.0,4569445.0,4569445.0,2048548828680,BTC-INR
2021-10-25,4566677.0,4781520.0,4551523.0,4733682.5,4733682.5,2332675085809,BTC-INR
2021-10-26,4733152.0,4745486.5,4492692.5,4520599.0,4520599.0,2612059573602,BTC-INR
2021-10-27,4519716.0,4606226.0,4364088.5,4388398.5,4388398.5,3275937553061,BTC-INR
2021-10-28,4387523.5,4647566.0,4353367.5,4534387.0,4534387.0,3385118539714,BTC-INR
2021-10-29,4534591.5,4718126.5,4511955.0,4662651.0,4662651.0,2761632708299,BTC-INR
2021-10-30,4663505.0,4670307.5,4564526.5,4637240.5,4637240.5,2409547711473,BTC-INR
2021-10-31,4634367.5,4676004.0,4501282.5,4594486.5,4594486.5,2415757956329,BTC-INR
2021-11-01,4594598.5,4676400.5,4477646.5,4564969.5,4564969.5,2705153041501,BTC-INR
2021-11-02,4561890.0,4794668.5,4540150.0,4723805.0,4723805.0,2820149342520,BTC-INR
2021-11-03,4725892.0,4732238.5,4562534.0,4687222.5,4687222.5,2688971483457,BTC-INR
2021-11-04,4685120.5,4698636.0,4531055.0,4576860.0,4576860.0,2429174069650,BTC-INR
2021-11-05,4577444.5,4648175.5,4514025.0,4534984.0,4534984.0,2270627746348,BTC-INR
2021-11-06,4530770.0,4569483.5,4463620.0,4564794.5,4564794.5,2158586629063,BTC-INR
2021-11-07,4566830.5,4698392.5,4557747.0,4698392.5,4698392.5,1834541671928,BTC-INR
2021-11-08,4699659.5,5002351.5,4699659.5,4994456.0,4994456.0,3039953807527,BTC-INR
2021-11-09,4993192.5,5067990.5,4920109.0,4967632.0,4967632.0,3141901918012,BTC-INR
2021-11-10,4966260.5,5109431.5,4702472.0,4835980.0,4835980.0,3625824595108,BTC-INR
2021-11-11,4834764.0,4885997.0,4776151.5,4827272.5,4827272.5,2666754438179,BTC-INR
2021-11-12,4820882.0,4865375.0,4636567.5,4769818.0,4769818.0,2682812771408,BTC-INR
2021-11-13,4769980.0,4826938.0,4707079.0,4793764.0,4793764.0,2265973752900,BTC-INR
2021-11-14,4792711.5,4869471.0,4732663.5,4867364.0,4867364.0,1867790775632,BTC-INR
2021-11-15,4871412.0,4933470.0,4729948.0,4730660.0,4730660.0,2274511689967,BTC-INR
2021-11-16,4742816.5,4742816.5,4389488.0,4479537.5,4479537.5,3487975591390,BTC-INR
2021-11-17,4477927.5,4516244.0,4346629.5,4482920.0,4482920.0,2909381817310,BTC-INR
2021-11-18,4482335.0,4526044.0,4194691.5,4223737.5,4223737.5,3070019755820,BTC-INR
2021-11-19,4220325.0,4334455.5,4134744.75,4318915.0,4318915.0,2876008818595,BTC-INR
2021-11-20,4318581.0,4448238.5,4270624.0,4436149.5,4436149.5,2275715152584,BTC-INR
2021-11-21,4438625.0,4458980.0,4356022.5,4364864.0,4364864.0,1941501365857,BTC-INR
2021-11-22,4363108.0,4404670.0,4145311.25,4189614.5,4189614.5,2607740296122,BTC-INR
2021-11-23,4190750.75,4310478.5,4139410.5,4285860.0,4285860.0,2790715501631,BTC-INR
2021-11-24,4285620.0,4303290.5,4167445.25,4199930.0,4199930.0,2733931113289,BTC-INR
2021-11-25,4265972.5,4423106.5,4264574.5,4267368.0,4267368.0,2554401255608,BTC-INR
2021-11-26,4392957.5,4409592.0,4020571.5,4020571.5,4020571.5,3138022086248,BTC-INR
2021-11-27,4033080.5,4152627.0,4027971.0,4114036.25,4114036.25,2293684054014,BTC-INR
2021-11-28,4113882.0,4307433.5,4021094.75,4296522.0,4296522.0,2110184804978,BTC-INR
2021-11-29,4299783.0,4423593.5,4264692.5,4338680.5,4338680.5,2429598278545,BTC-INR
2021-11-30,4340448.0,4433189.0,4212004.5,4278323.0,4278323.0,2755022351063,BTC-INR
2021-12-01,4271008.5,4418358.5,4243259.5,4293276.5,4293276.5,2765033882263,BTC-INR
2021-12-02,4292341.5,4297464.5,4191520.0,4234772.0,4234772.0,2427887321387,BTC-INR
2021-12-03,4237122.5,4319752.5,3950822.0,4036931.75,4036931.75,2996852175730,BTC-INR
2021-12-04,4046695.5,4060011.75,3229245.75,3701246.0,3701246.0,4617891051784,BTC-INR
2021-12-05,3701307.25,3743933.5,3600199.75,3714842.75,3714842.75,2799041808938,BTC-INR
2021-12-06,3718201.25,3839716.5,3564907.0,3813502.75,3813502.75,2842812509655,BTC-INR
2021-12-07,3813442.75,3917126.0,3784301.75,3823234.75,3823234.75,2539529677562,BTC-INR
2021-12-08,3820788.75,3860509.25,3681732.5,3807230.5,3807230.5,2146900733252,BTC-INR
2021-12-09,3803106.0,3829286.0,3582638.0,3603971.5,3603971.5,2238005010671,BTC-INR
2021-12-10,3601705.25,3782078.0,3564045.75,3580690.5,3580690.5,2346992398635,BTC-INR
2021-12-11,3582307.0,3744852.5,3557880.0,3737606.0,3737606.0,1951684535450,BTC-INR
2021-12-12,3737026.5,3840760.25,3689400.0,3793918.75,3793918.75,1661445073306,BTC-INR
2021-12-13,3795161.25,3801397.0,3479747.25,3543970.0,3543970.0,2439111163434,BTC-INR
2021-12-14,3541872.5,3683079.5,3520315.75,3544772.0,3544772.0,2634178652490,BTC-INR
2021-12-15,3679157.0,3775172.25,3564781.25,3726499.5,3726499.5,2784912899343,BTC-INR
2021-12-16,3726784.75,3762570.5,3620244.25,3630568.5,3630568.5,2076953786066,BTC-INR
2021-12-17,3629677.5,3656568.5,3469524.25,3513788.5,3513788.5,2502334518108,BTC-INR
2021-12-18,3515090.0,3596489.25,3467875.5,3562919.75,3562919.75,1984814306502,BTC-INR
2021-12-19,3563307.0,3657291.0,3536619.5,3550821.0,3550821.0,1912293931322,BTC-INR
2021-12-20,3550824.75,3590326.75,3455640.25,3551600.75,3551600.75,2345641257212,BTC-INR
2021-12-21,3552040.0,3725695.25,3537859.5,3703848.25,3703848.25,2047763135300,BTC-INR
2021-12-22,3703884.75,3749855.25,3660129.5,3669738.25,3669738.25,1844960665394,BTC-INR
2021-12-23,3669575.0,3851593.75,3618877.0,3812273.5,3812273.5,2118698792255,BTC-INR
2021-12-24,3813888.25,3891754.75,3790986.75,3817532.25,3817532.25,1830406716954,BTC-INR
2021-12-25,3819990.25,3844153.25,3773552.75,3788061.5,3788061.5,1429495926229,BTC-INR
2021-12-26,3787974.0,3859950.75,3741333.75,3830783.25,3830783.25,1580608812888,BTC-INR
2021-12-27,3830262.5,3894623.25,3793295.0,3797046.0,3797046.0,1823852628729,BTC-INR
2021-12-28,3800003.25,3800003.25,3542872.75,3556736.0,3556736.0,2498547655888,BTC-INR
2021-12-29,3559353.0,3596734.0,3445271.5,3463408.25,3463408.25,2240787722867,BTC-INR
2021-12-30,3466830.75,3566338.75,3434743.5,3511630.75,3511630.75,1986367594893,BTC-INR
2021-12-31,3510979.25,3594116.25,3413930.25,3450573.5,3450573.5,2755169279236,BTC-INR
2022-01-01,3450968.25,3563902.25,3449235.25,3553432.75,3553432.75,1831803243622,BTC-INR
2022-01-02,3552994.25,3567933.25,3491593.75,3527718.0,3527718.0,2082686540797,BTC-INR
2022-01-03,3527593.0,3531323.0,3410128.75,3456649.25,3456649.25,2460646918166,BTC-INR
2022-01-04,3456704.0,3534167.75,3411754.25,3420983.25,3420983.25,3167347616781,BTC-INR
2022-01-05,3421116.0,3489761.0,3185429.5,3242895.75,3242895.75,2742872530982,BTC-INR
2022-01-06,3242635.75,3257989.0,3177156.5,3211969.75,3211969.75,2248036372851,BTC-INR
2022-01-07,3211422.25,3211422.25,3051867.25,3084876.25,3084876.25,6249981533485,BTC-INR
2022-01-08,3085140.75,3134871.75,3019312.5,3098125.5,3098125.5,2083510136116,BTC-INR
2022-01-09,3098183.75,3167164.75,3068744.5,3112181.75,3112181.75,1581232675666,BTC-INR
2022-01-10,3112080.0,3128100.0,2949055.25,3097138.5,3097138.5,2377528686813,BTC-INR
2022-01-11,3097008.5,3173758.5,3059900.75,3154570.0,3154570.0,1943389594187,BTC-INR
2022-01-12,3155037.0,3256174.5,3136662.25,3243415.0,3243415.0,2472273700254,BTC-INR
2022-01-13,3243241.0,3269740.0,3138328.5,3150603.0,3150603.0,3527830296050,BTC-INR
2022-01-14,3151143.25,3217748.25,3111896.75,3196112.0,3196112.0,1748411820799,BTC-INR
2022-01-15,3196275.25,3242457.75,3164175.75,3201873.75,3201873.75,1362350297205,BTC-INR
2022-01-16,3201476.5,3221110.75,3165806.25,3202534.5,3202534.5,1329782597127,BTC-INR
2022-01-17,3202849.5,3207400.75,3095291.25,3137342.5,3137342.5,1610672411911,BTC-INR
2022-01-18,3137307.0,3173928.25,3085524.5,3162067.25,3162067.25,1672770829899,BTC-INR
2022-01-19,3161948.5,3159638.25,3077026.0,3107925.5,3107925.5,1719198670464,BTC-INR
2022-01-20,3107903.0,3226499.75,3027796.5,3028362.0,3028362.0,1517294473618,BTC-INR
2022-01-21,3029790.25,3056650.75,2663614.0,2713170.0,2713170.0,3200971802358,BTC-INR
2022-01-22,2714232.25,2730397.75,2556286.5,2606967.0,2606967.0,2955562433293,BTC-INR
2022-01-23,2608240.25,2711288.25,2588713.0,2699641.25,2699641.25,1936201519394,BTC-INR
2022-01-24,2699561.5,2779855.25,2476164.75,2736064.25,2736064.25,3124392373784,BTC-INR
2022-01-25,2736099.75,2799101.5,2673707.75,2762910.25,2762910.25,1975935308810,BTC-INR
2022-01-26,2762649.5,2906037.0,2729320.25,2765090.25,2765090.25,2350348805895,BTC-INR
2022-01-27,2764321.75,2793908.5,2682047.25,2793149.75,2793149.75,1883354302944,BTC-INR
2022-01-28,2792413.5,2846524.75,2718766.0,2833883.5,2833883.5,1667946759411,BTC-INR
2022-01-29,2833612.0,2893279.5,2805543.5,2860422.5,2860422.5,1289590381602,BTC-INR
2022-01-30,2861453.0,2871754.75,2809569.0,2845582.5,2845582.5,1098946750782,BTC-INR
2022-01-31,2845783.5,2882034.5,2755844.5,2869150.25,2869150.25,1545899767167,BTC-INR
2022-02-01,2869048.75,2926063.75,2851756.0,2895895.25,2895895.25,1516479295088,BTC-INR
2022-02-02,2895928.25,2902695.25,2755125.0,2764916.5,2764916.5,1433240098660,BTC-INR
2022-02-03,2764304.5,2773377.75,2724491.75,2773377.75,2773377.75,1387751392286,BTC-INR
2022-02-04,2772979.5,3099897.5,2770764.25,3097888.75,3097888.75,2195514181040,BTC-INR
2022-02-05,3097934.0,3123738.0,3063344.0,3093431.75,3093431.75,1467013237037,BTC-INR
2022-02-06,3093428.5,3172352.25,3078781.75,3165757.5,3165757.5,1204881706043,BTC-INR
2022-02-07,3165335.5,3312974.0,3116351.5,3273052.0,3273052.0,2138359289554,BTC-INR
2022-02-08,3274124.75,3383248.25,3198431.0,3295456.0,3295456.0,2470887200088,BTC-INR
2022-02-09,3293832.0,3345389.25,3232770.5,3316948.25,3316948.25,1739005325584,BTC-INR
2022-02-10,3317621.5,3433155.75,3266343.25,3290850.0,3290850.0,2427967051170,BTC-INR
2022-02-11,3291304.5,3295529.75,3185674.25,3207868.0,3207868.0,2038954146372,BTC-INR
2022-02-12,3208197.75,3252090.0,3165858.25,3195502.75,3195502.75,1373103075003,BTC-INR
2022-02-13,3194904.75,3229434.75,3173299.25,3184215.75,3184215.75,1112397255525,BTC-INR
2022-02-14,3181188.5,3236255.5,3150407.75,3223218.5,3223218.5,1576364253654,BTC-INR
2022-02-15,3223184.25,3358997.0,3213384.5,3350889.75,3350889.75,1708074589226,BTC-INR
2022-02-16,3351120.75,3351120.75,3264610.5,3295420.5,3295420.5,1483667185640,BTC-INR
2022-02-17,3293562.5,3309531.5,3023259.25,3043476.5,3043476.5,1970523328666,BTC-INR
2022-02-18,3044536.5,3053675.5,2960141.75,2989689.5,2989689.5,1740893939354,BTC-INR
2022-02-19,2989319.5,3018659.75,2965946.0,2996499.0,2996499.0,1025906582062,BTC-INR
2022-02-20,2996196.25,2996330.0,2846432.75,2870256.25,2870256.25,1369770188988,BTC-INR
2022-02-21,2869646.25,2934749.5,2766205.0,2774695.25,2774695.25,2191330705167,BTC-INR
2022-02-22,2774208.25,2862661.5,2724190.75,2857152.25,2857152.25,1902464592046,BTC-INR
2022-02-23,2857096.75,2916828.5,2777301.5,2784375.5,2784375.5,1631142607767,BTC-INR
2022-02-24,2783031.25,2937690.0,2594410.5,2890606.5,2890606.5,3497735352056,BTC-INR
2022-02-25,2890692.25,2977029.75,2873157.0,2943239.0,2943239.0,1992390563114,BTC-INR
2022-02-26,2943153.75,3002617.5,2904834.25,2935838.5,2935838.5,1311385342548,BTC-INR
2022-02-27,2935354.25,2985624.5,2797238.0,2830794.5,2830794.5,1760351975256,BTC-INR
2022-02-28,2830510.5,3294694.25,2815950.25,3251804.75,3251804.75,2686924460630,BTC-INR
2022-03-01,3251900.25,3391191.25,3233805.5,3362145.75,3362145.75,2461958873615,BTC-INR
2022-03-02,3362371.5,3413161.75,3293328.5,3319986.75,3319986.75,2205793894872,BTC-INR
2022-03-03,3320068.25,3327855.25,3181270.5,3221541.0,3221541.0,1894731291136,BTC-INR
2022-03-04,3222023.0,3223650.5,2965607.25,2990614.0,2990614.0,2179008145271,BTC-INR
2022-03-05,2991442.75,3023374.5,2963062.0,3010709.0,3010709.0,1297177384894,BTC-INR
2022-03-06,3010985.25,3029017.0,2920223.25,2936117.0,2936117.0,1508962298409,BTC-INR
2022-03-07,2936829.25,3033484.0,2873775.0,2933861.75,2933861.75,2200366486258,BTC-INR
2022-03-08,2933697.0,3017113.0,2925795.0,2979467.0,2979467.0,1982599267719,BTC-INR
2022-03-09,2979893.75,3243496.5,2977069.25,3196376.75,3196376.75,2457956655818,BTC-INR
2022-03-10,3195702.5,3199191.25,2965650.75,3009494.0,3009494.0,2371584024548,BTC-INR
2022-03-11,3009685.5,3058881.25,2930568.0,2977871.0,2977871.0,2023747900200,BTC-INR
2022-03-12,2977832.0,3017296.5,2976148.75,2986241.0,2986241.0,1121947059286,BTC-INR
2022-03-13,2984760.25,3009678.25,2895825.0,2905152.25,2905152.25,1327919311775,BTC-INR
2022-03-14,2904895.25,3040708.5,2892186.0,3034124.0,3034124.0,1860410435735,BTC-INR
2022-03-15,3033932.25,3035323.5,2931498.0,3001291.75,3001291.75,1826007498504,BTC-INR
2022-03-16,3001046.25,3165486.75,2978790.5,3127944.25,3127944.25,3011854026522,BTC-INR
2022-03-17,3127709.75,3134157.25,3085752.75,3111562.0,3111562.0,1672330384858,BTC-INR
2022-03-18,3111065.25,3205931.25,3068765.25,3174658.0,3174658.0,2614202820442,BTC-INR
2022-03-19,3174163.75,3213801.0,3159583.75,3204239.25,3204239.25,1493479879639,BTC-INR
2022-03-20,3204296.25,3208075.25,3114174.5,3133751.75,3133751.75,1529195548995,BTC-INR
2022-03-21,3133623.25,3161148.0,3094732.25,3134553.5,3134553.5,1878347048104,BTC-INR
2022-03-22,3134256.25,3296936.25,3123983.25,3223596.25,3223596.25,2435622695767,BTC-INR
2022-03-23,3224020.0,3283572.75,3187907.5,3283530.75,3283530.75,1932391366138,BTC-INR
2022-03-24,3283048.25,3366978.0,3269384.5,3355263.5,3355263.5,2369317738111,BTC-INR
2022-03-25,3355539.25,3431657.0,3332757.5,3382861.25,3382861.25,2332174950809,BTC-INR
2022-03-26,3382947.25,3412356.5,3368943.75,3394418.5,3394418.5,1292940949718,BTC-INR
2022-03-27,3394764.0,3571946.75,3389572.25,3571408.75,3571408.75,2148077551355,BTC-INR
2022-03-28,3571512.25,3659317.0,3561475.0,3583337.75,3583337.75,2764767121764,BTC-INR
2022-03-29,3581241.75,3635082.75,3581241.75,3591587.0,3591587.0,2375719667322,BTC-INR
2022-03-30,3590918.5,3613165.0,3536374.25,3568669.75,3568669.75,2224330955730,BTC-INR
2022-03-31,3568630.5,3602578.25,3445570.75,3456816.0,3456816.0,2529866694882,BTC-INR
2022-04-01,3457991.5,3542035.0,3370411.5,3515257.5,3515257.5,2898590219115,BTC-INR
2022-04-02,3515550.25,3571967.25,3477392.5,3483957.75,3483957.75,2228249277383,BTC-INR
2022-04-03,3483211.75,3594955.25,3466120.0,3530240.75,3530240.75,1931368188379,BTC-INR
2022-04-04,3529610.25,3529945.5,3412509.0,3518457.25,3518457.25,2452650064021,BTC-INR
2022-04-05,3518595.5,3546998.75,3436398.75,3437242.75,3437242.75,2236411615939,BTC-INR
2022-04-06,3436364.75,3436364.75,3280379.75,3281350.5,3281350.5,2991745033826,BTC-INR
2022-04-07,3281408.5,3332860.75,3258056.75,3302527.5,3302527.5,1981490934707,BTC-INR
2022-04-08,3302625.25,3334194.75,3202449.75,3210373.75,3210373.75,2066170330350,BTC-INR
2022-04-09,3209949.75,3248268.25,3202447.25,3247912.75,3247912.75,1218534520984,BTC-INR
2022-04-10,3247833.5,3293026.5,3190144.25,3204303.0,3204303.0,1340284515096,BTC-INR
2022-04-11,3203799.5,3217268.75,2986034.75,2997283.75,2997283.75,2574712213136,BTC-INR
2022-04-12,2998179.5,3088992.75,2991287.0,3055683.0,3055683.0,2360001240442,BTC-INR
2022-04-13,3055407.75,3152599.25,3023115.25,3133692.0,3133692.0,2107900955284,BTC-INR
2022-04-14,3133196.25,3155935.5,3028011.25,3047441.5,3047441.5,1857515094358,BTC-INR
2022-04-15,3047738.0,3099948.25,3042216.0,3095510.75,3095510.75,1660735610567,BTC-INR
2022-04-16,3095423.25,3101633.75,3059250.25,3085665.5,3085665.5,1284901325445,BTC-INR
2022-04-17,3085153.5,3096828.5,3024328.25,3031660.75,3031660.75,1456990562888,BTC-INR
2022-04-18,3031985.0,3126325.75,2954798.75,3114242.0,3114242.0,2571046354667,BTC-INR
2022-04-19,3114391.5,3186281.5,3098897.0,3172704.5,3172704.5,1934319995647,BTC-INR
2022-04-20,3172627.75,3213426.0,3124692.75,3155890.75,3155890.75,2121975278923,BTC-INR
2022-04-21,3155672.5,3267118.5,3056263.0,3091907.5,3091907.5,2698655313762,BTC-INR
2022-04-22,3091793.0,3107897.75,3009575.25,3038692.0,3038692.0,2141879505658,BTC-INR
2022-04-23,3038569.75,3054114.75,3009015.0,3019340.75,3019340.75,1233988953432,BTC-INR
2022-04-24,3018702.0,3046806.75,2999981.0,3017970.0,3017970.0,1373625124597,BTC-INR
2022-04-25,3018223.25,3098751.0,2939270.75,3096191.5,3096191.5,2712589096791,BTC-INR
2022-04-26,3095434.75,3118421.25,2907342.75,2927203.75,2927203.75,2654708946533,BTC-INR
2022-04-27,2927422.0,3015802.5,2917903.0,3000809.75,3000809.75,2369150668263,BTC-INR
2022-04-28,3000833.25,3085998.0,2984756.25,3046247.5,3046247.5,2596659093685,BTC-INR
2022-04-29,3045848.25,3054268.0,2926636.25,2954609.0,2954609.0,2363314896289,BTC-INR
2022-04-30,2954305.5,2966959.0,2884827.5,2886123.25,2886123.25,1828614642456,BTC-INR
2022-05-01,2886000.0,2955989.0,2876244.75,2943784.25,2943784.25,2066341797861,BTC-INR
2022-05-02,2944020.75,2988707.5,2919843.25,2948474.25,2948474.25,2519420026825,BTC-INR
2022-05-03,2948381.0,2960208.75,2873792.5,2886684.5,2886684.5,2089624207588,BTC-INR
2022-05-04,2886497.75,3038151.75,2885278.0,3017147.5,3017147.5,2793400899177,BTC-INR
2022-05-05,3016948.25,3026144.0,2743441.25,2799536.25,2799536.25,3299441097033,BTC-INR
2022-05-06,2799386.25,2803417.0,2731946.75,2773460.75,2773460.75,2908486854090,BTC-INR
2022-05-07,2773582.5,2780309.75,2688804.75,2731985.5,2731985.5,1875800793713,BTC-INR
2022-05-08,2732061.25,2732061.25,2607091.25,2621124.25,2621124.25,2829200767989,BTC-INR
2022-05-09,2621182.0,2635168.25,2343955.75,2343955.75,2343955.75,4901564644382,BTC-INR
2022-05-10,2342153.25,2520167.25,2318014.0,2397189.5,2397189.5,4621694667072,BTC-INR
2022-05-11,2396670.0,2473947.75,2180697.0,2240213.5,2240213.5,5449410051691,BTC-INR
2022-05-12,2240242.75,2325151.75,2041319.75,2249575.25,2249575.25,5187912482429,BTC-INR
2022-05-13,2248271.0,2395102.75,2229054.5,2269045.25,2269045.25,3319608796470,BTC-INR
2022-05-14,2269242.0,2339534.75,2224088.0,2332441.75,2332441.75,2214553989821,BTC-INR
2022-05-15,2332234.25,2425963.75,2288001.25,2425725.25,2425725.25,2001893900923,BTC-INR
2022-05-16,2425668.0,2425743.0,2277143.5,2323509.75,2323509.75,2537551902321,BTC-INR
2022-05-17,2323470.0,2380004.75,2291525.75,2354129.0,2354129.0,2251658005293,BTC-INR
2022-05-18,2354022.5,2369051.0,2235024.75,2235024.75,2235024.75,2434633909200,BTC-INR
2022-05-19,2235031.5,2356070.25,2232781.5,2346976.5,2346976.5,2614785780511,BTC-INR
2022-05-20,2346727.75,2374389.0,2242632.0,2272360.75,2272360.75,2392873905170,BTC-INR
2022-05-21,2272292.25,2302564.25,2258871.25,2290374.5,2290374.5,1344303898381,BTC-INR
2022-05-22,2290393.75,2368053.0,2278153.75,2359751.0,2359751.0,1683336638657,BTC-INR
2022-05-23,2358636.25,2373997.75,2246386.75,2255952.5,2255952.5,2440819229665,BTC-INR
2022-05-24,2256124.25,2306888.75,2232257.5,2297686.5,2297686.5,2062221591558,BTC-INR
2022-05-25,2297496.75,2337498.25,2279860.5,2290978.0,2290978.0,2133094711246,BTC-INR
2022-05-26,2291165.25,2314071.75,2193052.0,2272028.0,2272028.0,2854807793298,BTC-INR
2022-05-27,2270779.5,2278222.25,2200757.0,2224139.25,2224139.25,2842136506986,BTC-INR
2022-05-28,2240806.5,2263633.5,2218467.0,2254898.75,2254898.75,1495755150908,BTC-INR
2022-05-29,2254617.25,2291283.5,2240729.0,2287722.5,2287722.5,1405754565433,BTC-INR
2022-05-30,2287521.0,2477504.75,2276669.0,2460497.25,2460497.25,3046151703792,BTC-INR
2022-05-31,2460301.5,2503425.25,2430762.25,2467059.75,2467059.75,2602540226331,BTC-INR
2022-06-01,2467078.5,2488198.25,2288485.25,2311915.25,2311915.25,3191458257657,BTC-INR
2022-06-02,2311590.0,2368191.25,2299752.25,2357571.25,2357571.25,2250483123929,BTC-INR
2022-06-03,2357595.75,2373037.0,2282082.75,2307865.0,2307865.0,2033693558623,BTC-INR
2022-06-04,2308000.75,2325407.25,2291985.5,2317820.5,2317820.5,1288806940221,BTC-INR
2022-06-05,2317991.75,2339950.0,2297739.5,2323581.75,2323581.75,1341323743931,BTC-INR
2022-06-06,2323863.25,2464570.25,2322612.5,2441305.0,2441305.0,2486181750073,BTC-INR
2022-06-07,2441388.25,2445813.25,2279878.75,2419871.0,2419871.0,3166714170413,BTC-INR
2022-06-08,2419560.25,2427499.25,2326545.25,2348439.75,2348439.75,2350592864806,BTC-INR
2022-06-09,2348511.25,2379695.5,2336449.0,2343284.0,2343284.0,1688049052358,BTC-INR
2022-06-10,2343154.25,2353019.5,2262057.25,2273707.75,2273707.75,2334973606430,BTC-INR
2022-06-11,2273775.25,2298577.25,2207416.75,2217157.5,2217157.5,2130050000575,BTC-INR
2022-06-12,2218150.5,2228248.75,2092246.125,2092246.125,2092246.125,2670806802614,BTC-INR
2022-06-13,2090286.125,2100774.25,1730575.25,1757633.25,1757633.25,5330925900606,BTC-INR
2022-06-14,1757680.125,1796421.625,1636442.125,1731813.375,1731813.375,3970533401380,BTC-INR
2022-06-15,1731028.625,1763873.25,1573943.625,1758433.25,1758433.25,4277667311274,BTC-INR
2022-06-16,1758703.25,1784358.875,1580236.75,1589319.25,1589319.25,2431662307226,BTC-INR
2022-06-17,1589636.375,1658360.25,1585028.5,1595989.5,1595989.5,2115286993091,BTC-INR
2022-06-18,1596141.0,1616615.0,1380592.625,1482645.875,1482645.875,3275122904919,BTC-INR
2022-06-19,1482120.375,1612500.0,1408544.125,1602367.0,1602367.0,2754380550785,BTC-INR
2022-06-20,1602374.625,1630236.375,1535637.125,1605409.5,1605409.5,2401813364469,BTC-INR
2022-06-21,1605000.875,1688587.25,1592017.625,1618225.625,1618225.625,2263591918293,BTC-INR
2022-06-22,1618914.5,1629527.625,1551759.625,1562851.75,1562851.75,2234357398851,BTC-INR
2022-06-23,1562818.75,1651603.375,1559965.375,1647705.25,1647705.25,2046406002136,BTC-INR
2022-06-24,1647609.25,1680309.5,1627326.0,1661430.125,1661430.125,1953009064312,BTC-INR
2022-06-25,1661583.0,1684065.375,1640531.25,1682611.75,1682611.75,1437697085822,BTC-INR
2022-06-26,1682154.5,1704630.875,1644581.5,1645439.25,1645439.25,1410671862338,BTC-INR
2022-06-27,1645513.0,1682056.5,1618166.75,1626516.75,1626516.75,1644575336447,BTC-INR
2022-06-28,1626208.25,1667269.875,1599694.375,1603659.75,1603659.75,1690711730077,BTC-INR
2022-06-29,1603702.0,1608972.0,1575015.625,1586177.25,1586177.25,1858275882763,BTC-INR
2022-06-30,1586515.625,1589107.375,1478997.625,1562266.25,1562266.25,2074146554067,BTC-INR
2022-07-01,1565088.75,1629229.0,1505767.625,1521333.875,1521333.875,2429125854764,BTC-INR
2022-07-02,1521765.625,1529416.875,1502205.25,1519193.375,1519193.375,1429044349897,BTC-INR
2022-07-03,1519180.75,1544142.875,1497457.875,1523522.625,1523522.625,1294071062376,BTC-INR
2022-07-04,1523541.375,1599220.375,1505553.625,1597050.625,1597050.625,1704675276705,BTC-INR
2022-07-05,1596584.25,1633213.75,1535718.125,1602460.125,1602460.125,2120374227078,BTC-INR
2022-07-06,1602817.625,1627904.5,1569775.375,1624175.75,1624175.75,1944351233721,BTC-INR
2022-07-07,1624141.625,1724671.0,1603503.625,1714169.75,1714169.75,2045109906568,BTC-INR
2022-07-08,1714135.5,1766855.5,1687885.375,1723964.25,1723964.25,3958633709686,BTC-INR
2022-07-09,1722830.75,1735439.125,1701234.75,1712836.25,1712836.25,2351329893145,BTC-INR
2022-07-10,1712747.0,1712747.0,1644212.25,1654893.875,1654893.875,2275930358221,BTC-INR
2022-07-11,1654568.875,1654568.875,1583563.625,1587220.875,1587220.875,1919414723642,BTC-INR
2022-07-12,1587214.375,1595909.375,1534577.5,1535798.0,1535798.0,2051307061076,BTC-INR
2022-07-13,1535961.5,1613946.25,1516415.75,1613076.25,1613076.25,2637035709301,BTC-INR
2022-07-14,1613027.75,1660312.75,1578656.5,1643093.375,1643093.375,2488912121419,BTC-INR
2022-07-15,1643351.875,1685552.0,1629822.25,1661086.75,1661086.75,2065210601493,BTC-INR
2022-07-16,1660909.375,1716537.5,1635781.0,1690680.0,1690680.0,1939023438050,BTC-INR
2022-07-17,1691057.0,1722039.75,1656451.0,1656543.875,1656543.875,1827820431490,BTC-INR
2022-07-18,1656748.5,1810903.0,1656748.5,1799541.0,1799541.0,3199177266460,BTC-INR
2022-07-19,1798113.25,1889924.125,1733642.625,1867789.875,1867789.875,3894200902478,BTC-INR
2022-07-20,1868090.0,1935152.75,1838703.0,1858690.5,1858690.5,3434884666124,BTC-INR
2022-07-21,1858808.125,1871159.375,1791742.875,1847984.875,1847984.875,2682952640605,BTC-INR
2022-07-22,1847914.875,1889820.75,1805492.875,1814404.375,1814404.375,2509859600331,BTC-INR
2022-07-23,1813765.75,1835350.625,1757504.5,1794452.5,1794452.5,1918765230390,BTC-INR
2022-07-24,1794455.0,1834677.875,1781781.125,1805953.375,1805953.375,1882342293723,BTC-INR
2022-07-25,1805793.0,1809147.25,1703009.0,1703013.625,1703013.625,2836101972067,BTC-INR
2022-07-26,1702967.5,1702967.5,1658648.25,1695813.0,1695813.0,2285435695383,BTC-INR
2022-07-27,1696165.5,1834702.0,1682619.75,1830950.375,1830950.375,2535877941835,BTC-INR
2022-07-28,1831197.375,1918487.0,1809334.125,1897298.5,1897298.5,3199767927628,BTC-INR
2022-07-29,1897404.125,1929164.5,1862968.375,1885207.875,1885207.875,2842090743617,BTC-INR
2022-07-30,1884589.0,1946025.375,1867458.375,1873453.375,1873453.375,2229198148314,BTC-INR
2022-07-31,1873125.625,1910313.5,1843839.875,1848166.75,1848166.75,1865328029224,BTC-INR
2022-08-01,1848152.75,1852604.375,1807845.5,1840794.75,1840794.75,2040944916658,BTC-INR
2022-08-02,1840339.625,1838289.875,1785455.5,1806188.875,1806188.875,2231529728217,BTC-INR
2022-08-03,1806439.375,1865662.125,1789128.875,1807582.625,1807582.625,2079881968742,BTC-INR
2022-08-04,1807717.625,1834765.625,1780119.5,1791359.125,1791359.125,1988398142799,BTC-INR
2022-08-05,1791032.75,1855290.875,1789875.25,1849423.125,1849423.125,2293483091529,BTC-INR
2022-08-06,1849590.625,1852380.875,1823281.625,1823281.625,1823281.625,1268782487016,BTC-INR
2022-08-07,1823458.5,1855665.625,1817983.5,1840417.0,1840417.0,1261585533955,BTC-INR
2022-08-08,1840705.75,1926419.625,1840469.375,1895285.125,1895285.125,2274673378505,BTC-INR
2022-08-09,1895444.125,1901435.875,1827965.125,1843385.125,1843385.125,1874532288104,BTC-INR
2022-08-10,1843272.125,1909964.625,1812131.625,1894211.625,1894211.625,2597376487809,BTC-INR
2022-08-11,1894267.25,1973109.875,1903029.625,1907360.875,1907360.875,2955841246302,BTC-INR
2022-08-12,1907334.75,1943918.875,1886394.75,1943142.75,1943142.75,2171116042515,BTC-INR
2022-08-13,1943092.5,1979551.125,1938627.5,1944834.75,1944834.75,1830431812818,BTC-INR
2022-08-14,1945232.125,1988697.5,1927491.25,1936496.25,1936496.25,1830973440609,BTC-INR
2022-08-15,1936415.25,2002483.375,1896529.25,1920172.25,1920172.25,2794185198056,BTC-INR
2022-08-16,1919310.125,1927527.625,1882316.375,1890272.75,1890272.75,2196599920502,BTC-INR
2022-08-17,1890116.375,1937527.625,1844383.5,1851899.0,1851899.0,2454672919473,BTC-INR
2022-08-18,1852299.0,1876031.0,1848806.625,1851609.375,1851609.375,1894274694276,BTC-INR
2022-08-19,1851655.25,1851655.25,1667798.625,1668494.375,1668494.375,3237451083701,BTC-INR
2022-08-20,1668117.875,1706473.5,1666830.375,1691551.375,1691551.375,2205393594577,BTC-INR
2022-08-21,1691708.0,1702023.625,1686761.875,1701047.125,1701047.125,1953743372288,BTC-INR
